Name,SMILES,density,Source
"(1,1-dimethylethyl)-benzene",,866.5,1-s2.0-S0016236121013168-mmc2.xlsx
(1-methylethenyl)-benzene,,910.6,1-s2.0-S0016236121013168-mmc2.xlsx
(1-propynyl)-benzene,,942,1-s2.0-S0016236121013168-mmc2.xlsx
"(2,2-dimethylpropyl)-benzene",CC(C)(C)CC1=CC=CC=C1,858.1,1-s2.0-S0016236121013168-mmc2.xlsx
(2-methyl-1-propenyl)-benzene,,900,1-s2.0-S0016236121013168-mmc2.xlsx
(2-methylpropyl)-benzene,,853.2,1-s2.0-S0016236121013168-mmc2.xlsx
(2-propenyl)-benzene,,892,1-s2.0-S0016236121013168-mmc2.xlsx
(3-butenyl)-benzene,,883.1,1-s2.0-S0016236121013168-mmc2.xlsx
(3-butynyl)-benzene,,925.8,1-s2.0-S0016236121013168-mmc2.xlsx
(3-methylbutyl)-benzene,,856,1-s2.0-S0016236121013168-mmc2.xlsx
"(E)-3,4-Dimethylpent-2-ene",CC=C(C)C(C)C,712.6,Chen 2024.xlsx
(R )-(+ )-limonene,,841.1,1-s2.0-S0016236121013168-mmc2.xlsx
"1,1,1-trimethoxyethane",CC(OC)(OC)OC,943.8,1-s2.0-S0016236121013168-mmc2.xlsx
"1,1,2-Trimethylcyclohexane",CC1CCCCC1(C)C,796.3,1-s2.0-S0016236121013168-mmc2.xlsx
"1,1,2-Trimethylcyclopentane",CC1CCCC1(C)C,766,1-s2.0-S0016236121013168-mmc2.xlsx
"1,1,2-Trimethylcyclopropane",CC1CC1(C)C,689.7,1-s2.0-S0016236121013168-mmc2.xlsx
"1,1,2-trimethylcyclohexane",CC1CCCCC1(C)C,798.6,Chen 2024.xlsx
"1,1,3-Trimethylcyclohexane",CC1CCCC(C1)(C)C,774.9,1-s2.0-S0016236121013168-mmc2.xlsx
"1,1,3-Trimethylcyclopentane",CC1CCC(C1)(C)C,743.9,1-s2.0-S0016236121013168-mmc2.xlsx
"1,1-DIETHOXYETHANE",CCOC(C)OCC,825.4,1-s2.0-S0016236121013168-mmc2.xlsx
"1,1-Dimethylcyclopentane",CC1(CCCC1)C,749.9,1-s2.0-S0016236121013168-mmc2.xlsx
"1,1-Dimethylethyl Ester",CC(C)(C)OC=O,889,Chen 2024.xlsx
"1,1-Diphenylbutane",CCCC(C1=CC=CC=C1)C2=CC=CC=C2,992.8,1-s2.0-S0016236121013168-mmc2.xlsx
"1,1-Diphenylethane",CC(C1=CC=CC=C1)C2=CC=CC=C2,999.7,1-s2.0-S0016236121013168-mmc2.xlsx
"1,1-diethoxypropane",CCC(OCC)OCC,825,1-s2.0-S0016236121013168-mmc2.xlsx
"1,1-dimethoxyethane",CC(OC)OC,850.1,1-s2.0-S0016236121013168-mmc2.xlsx
"1,1-dimethylcyclohexane",CC1(CCCCC1)C,780.9,1-s2.0-S0016236121013168-mmc2.xlsx
"1,1-diphenylethylene",C=C(C1=CC=CC=C1)C2=CC=CC=C2,1023.2,1-s2.0-S0016236121013168-mmc2.xlsx
"1,2,3,4-TETRAMETHYLCYCLOHEXANE",CC1CCC(C(C1C)C)C,821.9,1-s2.0-S0016236121013168-mmc2.xlsx
"1,2,3,4-tetrahydronaphthalene",C1CCC2=CC=CC=C2C1,965,Chen 2024.xlsx
"1,2,3,4-tetrahydronaphthalene (Tetralin)",,964.5,1-s2.0-S0016236121013168-mmc2.xlsx
"1,2,3,4-tetramethylbenzene",CC1=C(C(=C(C=C1)C)C)C,904.6,Chen 2024.xlsx
"1,2,3,5-tetramethylbenzene",CC1=CC(=C(C(=C1)C)C)C,890.4,Chen 2024.xlsx
"1,2,3-BENZENETRIOL",C1=CC(=C(C(=C1)O)O)O,1453,1-s2.0-S0016236121013168-mmc2.xlsx
"1,2,3-Trimethylindene",CC1C(=C(C2=CC=CC=C12)C)C,971.4,1-s2.0-S0016236121013168-mmc2.xlsx
"1,2,3-trimethylbenzene",CC1=C(C(=CC=C1)C)C,890.6,Chen 2024.xlsx
"1,2,4,5-tetramethylbenzene",CC1=CC(=C(C=C1C)C)C,868,Chen 2024.xlsx
"1,2,4-BUTANETRIOL",C(CO)C(CO)O,1180,1-s2.0-S0016236121013168-mmc2.xlsx
"1,2,4-TRIETHYLBENZENE",CCC1=CC(=C(C=C1)CC)CC,873.8,1-s2.0-S0016236121013168-mmc2.xlsx
"1,2,4-TRIMETHYL-5-ETHYLBENZENE",,883,1-s2.0-S0016236121013168-mmc2.xlsx
"1,2,4-trimethylbenzene",CC1=CC(=C(C=C1)C)C,871.71,Chen 2024.xlsx
"1,2,6-Hexanetriol",C(CCO)CC(CO)O,1104.9,1-s2.0-S0016236121013168-mmc2.xlsx
"1,2-BENZENEDIOL",C1=CC=C(C(=C1)O)O,1344,1-s2.0-S0016236121013168-mmc2.xlsx
"1,2-Butadiene",CC=C=C,676,1-s2.0-S0016236121013168-mmc2.xlsx
"1,2-Dibutoxyethane",CCCCOCCOCCCC,831.9,1-s2.0-S0016236121013168-mmc2.xlsx
"1,2-Dimethyl-3-Ethylbenzene",CCC1=CC=CC(=C1C)C,888.1,1-s2.0-S0016236121013168-mmc2.xlsx
"1,2-Dimethyl-4-Ethylbenzene",CCC1=CC(=C(C=C1)C)C,870.6,1-s2.0-S0016236121013168-mmc2.xlsx
"1,2-Dimethylcyclopentane",CC1CCCC1C,764,Chen 2024.xlsx
"1,2-Dipropoxyethane",CCCOCCOCCC,831.2,1-s2.0-S0016236121013168-mmc2.xlsx
"1,2-EPOXY-2-METHYLPROPANE",CC1(CO1)C,811.2,1-s2.0-S0016236121013168-mmc2.xlsx
"1,2-EPOXY-3-PHENOXYPROPANE",C1C(O1)COC2=CC=CC=C2,1110.9,1-s2.0-S0016236121013168-mmc2.xlsx
"1,2-Ethanediol, monoacetate",CC(=O)OCCO,1108,1-s2.0-S0016236121013168-mmc2.xlsx
"1,2-Hexadiene",CCCC=C=C,714.9,1-s2.0-S0016236121013168-mmc2.xlsx
"1,2-Pentadiene",CCC=C=C,692.6,1-s2.0-S0016236121013168-mmc2.xlsx
"1,2-diethoxyethane",CCOCCOCC,835.1,1-s2.0-S0016236121013168-mmc2.xlsx
"1,2-diethylbenzene",CCC1=CC=CC=C1CC,880,1-s2.0-S0016236121013168-mmc2.xlsx
"1,2-dihydronaphthalene",C1CC2=CC=CC=C2C=C1,997.4,1-s2.0-S0016236121013168-mmc2.xlsx
"1,2-dimethoxybenzene",COC1=CC=CC=C1OC,1081,1-s2.0-S0016236121013168-mmc2.xlsx
"1,2-dimethoxyethane",COCCOC,863.7,1-s2.0-S0016236121013168-mmc2.xlsx
"1,2-dimethylbenzene (o-xylene)",,875.5,1-s2.0-S0016236121013168-mmc2.xlsx
"1,2-dimethylcyclohexane",CC1CCCCC1C,783.4,Chen 2024.xlsx
"1,2-dimethylnaphthalene",CC1=C(C2=CC=CC=C2C=C1)C,1017.9,1-s2.0-S0016236121013168-mmc2.xlsx
"1,2-diphenylbenzene",C1=CC=C(C=C1)C2=CC=CC=C2C3=CC=CC=C3,1120,1-s2.0-S0016236121013168-mmc2.xlsx
"1,2-diphenylethane",C1=CC=C(C=C1)CCC2=CC=CC=C2,978,1-s2.0-S0016236121013168-mmc2.xlsx
"1,2-epoxybutane",CCC1CO1,829.7,1-s2.0-S0016236121013168-mmc2.xlsx
"1,2-ethanediol (ethylene glycol)",,1113.5,1-s2.0-S0016236121013168-mmc2.xlsx
"1,2-propanediol",CC(CO)O,1036.1,1-s2.0-S0016236121013168-mmc2.xlsx
"1,3,5-triethylbenzene",CCC1=CC(=CC(=C1)CC)CC,863.1,1-s2.0-S0016236121013168-mmc2.xlsx
"1,3,5-triisopropylbenzene",CC(C)C1=CC(=CC(=C1)C(C)C)C(C)C,854.5,1-s2.0-S0016236121013168-mmc2.xlsx
"1,3,5-trimethylbenzene",CC1=CC(=CC(=C1)C)C,861.1,Chen 2024.xlsx
"1,3-BENZENEDIOL",C1=CC(=CC(=C1)O)O,1278,1-s2.0-S0016236121013168-mmc2.xlsx
"1,3-BUTANEDIOL",CC(CCO)O,1005.3,1-s2.0-S0016236121013168-mmc2.xlsx
"1,3-Butadiene",C=CC=C,614.9,1-s2.0-S0016236121013168-mmc2.xlsx
"1,3-DIOXANE",C1COCOC1,1028.6,1-s2.0-S0016236121013168-mmc2.xlsx
"1,3-Diethyl-5-methylbenzene",CCC1=CC(=CC(=C1)C)CC,874.8,1-s2.0-S0016236121013168-mmc2.xlsx
"1,3-Dimethyl-2-Ethylbenzene",CCC1=C(C=CC=C1C)C,886.4,1-s2.0-S0016236121013168-mmc2.xlsx
"1,3-Dimethyl-4-Ethylbenzene",CCC1=C(C=C(C=C1)C)C,876.3,1-s2.0-S0016236121013168-mmc2.xlsx
"1,3-Dimethyl-5-Ethylbenzene",CCC1=CC(=CC(=C1)C)C,864.4,Chen 2024.xlsx
"1,3-Dimethylcyclopentane",CC1CCC(C1)C,740.2,Chen 2024.xlsx
"1,3-Dioxolane-4-methanol, 2,2-dimethyl-",CC1(OCC(O1)CO)C,1064,1-s2.0-S0016236121013168-mmc2.xlsx
"1,3-Diphenyl-2-buten-1-one",CC(=CC(=O)C1=CC=CC=C1)C2=CC=CC=C2,1108,1-s2.0-S0016236121013168-mmc2.xlsx
"1,3-PROPYLENE GLYCOL",C(CO)CO,1053.8,1-s2.0-S0016236121013168-mmc2.xlsx
"1,3-PROPYLENE OXIDE",C1COC1,893,1-s2.0-S0016236121013168-mmc2.xlsx
"1,3-cyclohexadiene",C1CC=CC=C1,844,Chen 2024.xlsx
"1,3-diethylbenzene",CCC1=CC(=CC=C1)CC,859.7,Chen 2024.xlsx
"1,3-diisopropylbenzene",CC(C)C1=CC(=CC=C1)C(C)C,855.9,1-s2.0-S0016236121013168-mmc2.xlsx
"1,3-dimethylbenzene",CC1=CC(=CC=C1)C,859.9,Chen 2024.xlsx
"1,3-dimethylbenzene (m-Xylene)",,859.8,1-s2.0-S0016236121013168-mmc2.xlsx
"1,3-dimethylnaphthalene",CC1=CC2=CC=CC=C2C(=C1)C,1014.4,1-s2.0-S0016236121013168-mmc2.xlsx
"1,3-dioxolane",C1COCO1,1060,1-s2.0-S0016236121013168-mmc2.xlsx
"1,3-diphenylbenzene",C1=CC=C(C=C1)C2=CC(=CC=C2)C3=CC=CC=C3,1199,1-s2.0-S0016236121013168-mmc2.xlsx
"1,3-diphenylpropane",C1=CC=C(C=C1)CCCC2=CC=CC=C2,1007,1-s2.0-S0016236121013168-mmc2.xlsx
"1,4-BUTANEDIOL",C(CCO)CO,1017.1,1-s2.0-S0016236121013168-mmc2.xlsx
"1,4-DI-tert-BUTYLBENZENE",CC(C)(C)C1=CC=C(C=C1)C(C)(C)C,985,1-s2.0-S0016236121013168-mmc2.xlsx
"1,4-DIOXANE",C1COCCO1,1033.7,1-s2.0-S0016236121013168-mmc2.xlsx
"1,4-Dimethyl-2-Ethylbenzene",CCC1=C(C=CC(=C1)C)C,873.2,1-s2.0-S0016236121013168-mmc2.xlsx
"1,4-Diphenylbenzene (p-terphenyl)",,1280,1-s2.0-S0016236121013168-mmc2.xlsx
"1,4-Pentadiene",C=CCC=C,660.8,1-s2.0-S0016236121013168-mmc2.xlsx
"1,4-cyclohexadiene",C1C=CCC=C1,857.3,Chen 2024.xlsx
"1,4-diethyl-Benzene",CCC1=CC=C(C=C1)CC,861.9,Chen 2024.xlsx
"1,4-diethylbenzene",CCC1=CC=C(C=C1)CC,862,1-s2.0-S0016236121013168-mmc2.xlsx
"1,4-dimethylbenzene (p-Xylene)",,856.5,1-s2.0-S0016236121013168-mmc2.xlsx
"1,4-dimethylnaphthalene",CC1=CC=C(C2=CC=CC=C12)C,1016.6,1-s2.0-S0016236121013168-mmc2.xlsx
"1,5,9-CYCLODODECATRIENE",C1CC=CCCC=CCCC=C1,840,1-s2.0-S0016236121013168-mmc2.xlsx
"1,5-Hexadien-3-yne",C=CC#CC=C,785.1,1-s2.0-S0016236121013168-mmc2.xlsx
"1,5-Hexadiene",C=CCCC=C,687.8,1-s2.0-S0016236121013168-mmc2.xlsx
"1,5-PENTANEDIOL",C(CCO)CCO,991.4,1-s2.0-S0016236121013168-mmc2.xlsx
"1,5-cyclooctadiene",C1CC=CCCC=C1,883,1-s2.0-S0016236121013168-mmc2.xlsx
"1,5-dimethyltetralin",CC1CCCC2=C(C=CC=C12)C,941,1-s2.0-S0016236121013168-mmc2.xlsx
"1,6-HEXANEDIOL",C(CCCO)CCO,1079,1-s2.0-S0016236121013168-mmc2.xlsx
"1,7-Heptanediol",C(CCCO)CCCO,956.9,1-s2.0-S0016236121013168-mmc2.xlsx
"1,7-Octadiene",C=CCCCCC=C,734,1-s2.0-S0016236121013168-mmc2.xlsx
"1,9-decadiene",C=CCCCCCCC=C,750,1-s2.0-S0016236121013168-mmc2.xlsx
"1,cis-2,trans-4-Trimethylcyclopentane",CC1CC(C(C1)C)C,759.2,1-s2.0-S0016236121013168-mmc2.xlsx
"1-Butanol, 2-methyl-, acetate",CCC(C)COC(=O)C,874,1-s2.0-S0016236121013168-mmc2.xlsx
1-Buten-3-yne,C=CC#C,709.4,1-s2.0-S0016236121013168-mmc2.xlsx
1-Butene,CCC=C,577,Chen 2024.xlsx
1-Decyne,CCCCCCCCC#C,765.5,1-s2.0-S0016236121013168-mmc2.xlsx
1-EICOSANOL,CCCCCCCCCCCCCCCCCCCCO,840.5,1-s2.0-S0016236121013168-mmc2.xlsx
1-Eicosene,CCCCCCCCCCCCCCCCCCC=C,788.2,1-s2.0-S0016236121013168-mmc2.xlsx
1-Ethylcyclohexene,CCC1=CCCCC1,817.6,1-s2.0-S0016236121013168-mmc2.xlsx
1-Ethylcyclopentene,CCC1=CCCC1,793.6,1-s2.0-S0016236121013168-mmc2.xlsx
1-HEPTADECANOL,CCCCCCCCCCCCCCCCCO,847.5,1-s2.0-S0016236121013168-mmc2.xlsx
1-Heptadecene,CCCCCCCCCCCCCCCC=C,785.2,1-s2.0-S0016236121013168-mmc2.xlsx
1-Heptyne,CCCCCC#C,732.8,1-s2.0-S0016236121013168-mmc2.xlsx
"1-Hexanol, 3,5,5-trimethyl",,823.6,1-s2.0-S0016236121013168-mmc2.xlsx
1-Hexyne,CCCCC#C,715.5,1-s2.0-S0016236121013168-mmc2.xlsx
1-ISOPROPOXY-2-PROPANOL,CC(C)OCC(C)O,879,1-s2.0-S0016236121013168-mmc2.xlsx
1-METHYLCYCLOHEXANOL,CC1(CCCCC1)O,919.4,1-s2.0-S0016236121013168-mmc2.xlsx
1-METHYLVINYL ACETATE,CC(=C)OC(=O)C,909,1-s2.0-S0016236121013168-mmc2.xlsx
"1-Methyl-1,2,3,4-tetrahydronaphthalene",CC1CCCC2=CC=CC=C12,958.3,1-s2.0-S0016236121013168-mmc2.xlsx
"1-Methyl-1,4-cyclohexadiene",CC1=CCC=CC1,837.9,Chen 2024.xlsx
1-Methyl-1-Ethylcyclopentane,CCC1(CCCC1)C,776.7,1-s2.0-S0016236121013168-mmc2.xlsx
1-Methyl-2-propylbenzene,CCCC1=CC=CC=C1C,869.7,1-s2.0-S0016236121013168-mmc2.xlsx
1-Methyl-3-(1-methylethyl)benzene,CC1=CC(=CC=C1)C(C)C,861,Chen 2024.xlsx
1-Methyl-3-propylbenzene,CCCC1=CC=CC(=C1)C,856.9,1-s2.0-S0016236121013168-mmc2.xlsx
1-Methyl-4-propylbenzene,CCCC1=CC=C(C=C1)C,854.4,1-s2.0-S0016236121013168-mmc2.xlsx
1-Methylcyclohexene,CC1=CCCCC1,810.2,1-s2.0-S0016236121013168-mmc2.xlsx
1-Methylindene,CC1C=CC2=CC=CC=C12,970,1-s2.0-S0016236121013168-mmc2.xlsx
1-Nonadecene,CCCCCCCCCCCCCCCCCC=C,788.6,1-s2.0-S0016236121013168-mmc2.xlsx
1-Nonyne,CCCCCCCC#C,765.8,1-s2.0-S0016236121013168-mmc2.xlsx
1-Octadecanol,CCCCCCCCCCCCCCCCCCO,812.4,1-s2.0-S0016236121013168-mmc2.xlsx
1-Octadecene,CCCCCCCCCCCCCCCCC=C,789.1,1-s2.0-S0016236121013168-mmc2.xlsx
1-PENTADECANOL,CCCCCCCCCCCCCCCO,834.7,1-s2.0-S0016236121013168-mmc2.xlsx
1-PENTENE-3-YNE,CC#CC=C,740.1,1-s2.0-S0016236121013168-mmc2.xlsx
1-PENTENE-4-YNE,,738,1-s2.0-S0016236121013168-mmc2.xlsx
1-PHENYL-1-PROPANOL,CCC(C1=CC=CC=C1)O,991.5,1-s2.0-S0016236121013168-mmc2.xlsx
1-PHENYL-2-PROPANOL,CC(CC1=CC=CC=C1)O,991,1-s2.0-S0016236121013168-mmc2.xlsx
1-Pentadecene,CCCCCCCCCCCCCC=C,776.4,1-s2.0-S0016236121013168-mmc2.xlsx
1-Pentene,CCCC=C,645.8,Chen 2024.xlsx
1-Phenyl-1-propanone,CCC(=O)C1=CC=CC=C1,1009.6,1-s2.0-S0016236121013168-mmc2.xlsx
1-Phenyl-2-methylpropane,CC(C)CC1=CC=CC=C1,849,Chen 2024.xlsx
1-TRIDECANOL,CCCCCCCCCCCCCO,822.3,1-s2.0-S0016236121013168-mmc2.xlsx
1-Tetradecene,CCCCCCCCCCCCC=C,774.5,1-s2.0-S0016236121013168-mmc2.xlsx
1-Tridecene,CCCCCCCCCCCC=C,765.8,1-s2.0-S0016236121013168-mmc2.xlsx
1-Undecene,CCCCCCCCCC=C,750.3,1-s2.0-S0016236121013168-mmc2.xlsx
1-butanol,CCCCO,805.8,Chen 2024.xlsx
1-butoxy-2-propanol,CCCCOCC(C)O,882,1-s2.0-S0016236121013168-mmc2.xlsx
1-cyclohexen-1-ylbenzene,C1CCC(=CC1)C2=CC=CC=C2,993.9,1-s2.0-S0016236121013168-mmc2.xlsx
1-decanol,CCCCCCCCCCO,829.7,1-s2.0-S0016236121013168-mmc2.xlsx
1-decene,CCCCCCCCC=C,740.8,1-s2.0-S0016236121013168-mmc2.xlsx
1-decylnaphthalene,CCCCCCCCCCC1=CC=CC2=CC=CC=C21,932.2,1-s2.0-S0016236121013168-mmc2.xlsx
1-dodecanol,CCCCCCCCCCCCO,830.9,1-s2.0-S0016236121013168-mmc2.xlsx
1-dodecene,CCCCCCCCCCC=C,758.4,1-s2.0-S0016236121013168-mmc2.xlsx
1-ethenyl-2-ethylBenzene,CCC1=CC=CC=C1C=C,911.4,Chen 2024.xlsx
1-ethenyl-2-methylbenzene,CC1=CC=CC=C1C=C,907.7,1-s2.0-S0016236121013168-mmc2.xlsx
1-ethenyl-3-methylbenzene,CC1=CC(=CC=C1)C=C,907.6,1-s2.0-S0016236121013168-mmc2.xlsx
1-ethenyl-4-ethylBenzene,CCC1=CC=C(C=C1)C=C,897.6,Chen 2024.xlsx
1-ethenyl-4-methylbenzene,CC1=CC=C(C=C1)C=C,917.3,1-s2.0-S0016236121013168-mmc2.xlsx
"1-ethyl-2,3-dimethylBenzene",CCC1=CC=CC(=C1C)C,892,Chen 2024.xlsx
1-ethyl-2-methylbenzene,CCC1=CC=CC=C1C,880.8,Chen 2024.xlsx
1-ethyl-3-methylBenzene,CCC1=CC=CC(=C1)C,862.3,Chen 2024.xlsx
1-ethyl-3-methylbenzene,CCC1=CC=CC(=C1)C,864.5,1-s2.0-S0016236121013168-mmc2.xlsx
1-ethyl-4-methylBenzene,CCC1=CC=C(C=C1)C,860.9,Chen 2024.xlsx
1-ethyl-4-methylbenzene,CCC1=CC=C(C=C1)C,861.4,1-s2.0-S0016236121013168-mmc2.xlsx
1-ethylnaphthalene,CCC1=CC=CC2=CC=CC=C21,1008.2,1-s2.0-S0016236121013168-mmc2.xlsx
1-heptanol,CCCCCCCO,821.9,1-s2.0-S0016236121013168-mmc2.xlsx
1-heptene,CCCCCC=C,692.9,Chen 2024.xlsx
1-hexadecanol,CCCCCCCCCCCCCCCCO,818.7,1-s2.0-S0016236121013168-mmc2.xlsx
1-hexadecene,CCCCCCCCCCCCCCC=C,781.1,1-s2.0-S0016236121013168-mmc2.xlsx
1-hexanol,CCCCCCO,813.6,1-s2.0-S0016236121013168-mmc2.xlsx
1-hexene,CCCCC=C,668.9,Chen 2024.xlsx
"1-hexyl-1,2,3,4-tetrahydronaphthalene",CCCCCCC1CCCC2=CC=CC=C12,917.6,1-s2.0-S0016236121013168-mmc2.xlsx
1-isopropyl-4-methylbenzene,CC1=CC=C(C=C1)C(C)C,862,Chen 2024.xlsx
1-methoxy-2-propanol,CC(COC)O,962,1-s2.0-S0016236121013168-mmc2.xlsx
1-methyl-1-cyclohexene,CC1=CCCCC1,809.9,Chen 2024.xlsx
1-methyl-2-(1-methylethyl)-Benzene,CC1=CC=CC=C1C(C)C,876.6,Chen 2024.xlsx
1-methyl-2-propylBenzene,CCCC1=CC=CC=C1C,874.4,Chen 2024.xlsx
1-methyl-3-propylBenzene,CCCC1=CC=CC(=C1)C,861,Chen 2024.xlsx
1-methyl-4-propylbenzene,CCCC1=CC=C(C=C1)C,858,Chen 2024.xlsx
1-methylcycloheptene,CC1=CCCCCC1,813,Chen 2024.xlsx
1-methylcyclopentene,CC1=CCCC1,776.5,Chen 2024.xlsx
1-methylnaphthalene,CC1=CC=CC2=CC=CC=C12,1020.2,1-s2.0-S0016236121013168-mmc2.xlsx
1-nonanol,CCCCCCCCCO,828,1-s2.0-S0016236121013168-mmc2.xlsx
1-nonene,CCCCCCCC=C,725.3,Chen 2024.xlsx
1-nonylnaphthalene,CCCCCCCCCC1=CC=CC2=CC=CC=C21,937.1,1-s2.0-S0016236121013168-mmc2.xlsx
1-octanol,CCCCCCCCO,826.2,Chen 2024.xlsx
1-octene,CCCCCCC=C,711,Chen 2024.xlsx
1-octyne,CCCCCCC#C,746.1,1-s2.0-S0016236121013168-mmc2.xlsx
1-pentanol,CCCCCO,810.91,Chen 2024.xlsx
1-pentyne,CCCC#C,690.1,1-s2.0-S0016236121013168-mmc2.xlsx
1-phenylnaphthalene,C1=CC=C(C=C1)C2=CC=CC3=CC=CC=C32,1096,1-s2.0-S0016236121013168-mmc2.xlsx
1-propanol,CCCO,799.6,Chen 2024.xlsx
1-propoxy-2-propanol,CCCOCC(C)O,888.6,1-s2.0-S0016236121013168-mmc2.xlsx
1-tetradecanol,CCCCCCCCCCCCCCO,823.6,1-s2.0-S0016236121013168-mmc2.xlsx
1-undecanol,CCCCCCCCCCCO,829.8,1-s2.0-S0016236121013168-mmc2.xlsx
"2,2,3,3,-TetraMethylButane",,824.2,1-s2.0-S0016236121013168-mmc2.xlsx
"2,2,3,3-Tetramethylhexane",CCCC(C)(C)C(C)(C)C,760.9,1-s2.0-S0016236121013168-mmc2.xlsx
"2,2,3,3-tetramethylbutane",CC(C)(C)C(C)(C)C,710,Chen 2024.xlsx
"2,2,3,3-tetramethylpentane",CCC(C)(C)C(C)(C)C,723,Chen 2024.xlsx
"2,2,3,4-Tetramethylpentane",CC(C)C(C)C(C)(C)C,738.9,1-s2.0-S0016236121013168-mmc2.xlsx
"2,2,3,4-tetramethylpentane",CC(C)C(C)C(C)(C)C,720,Chen 2024.xlsx
"2,2,3-Trimethylhexane",CCCC(C)C(C)(C)C,725.7,1-s2.0-S0016236121013168-mmc2.xlsx
"2,2,3-Trimethylpentane",CCC(C)C(C)(C)C,712.07,Chen 2024.xlsx
"2,2,3-trimethylbutane",CC(C)C(C)(C)C,685.76,Chen 2024.xlsx
"2,2,3-trimethylhexane",CCCC(C)C(C)(C)C,729.2,Chen 2024.xlsx
"2,2,4,4-Tetramethylpentane",CC(C)(C)CC(C)(C)C,719.5,1-s2.0-S0016236121013168-mmc2.xlsx
"2,2,4,4-tetramethyl-3-pentanone",CC(C)(C)C(=O)C(C)(C)C,824,1-s2.0-S0016236121013168-mmc2.xlsx
"2,2,4,4-tetramethylpentane",CC(C)(C)CC(C)(C)C,719.8,Chen 2024.xlsx
"2,2,4,6,6-pentamethylheptane",CC(CC(C)(C)C)CC(C)(C)C,746.3,1-s2.0-S0016236121013168-mmc2.xlsx
"2,2,4-TRIMETHYL-1,3-PENTANEDIOL",CC(C)C(C(C)(C)CO)O,936,1-s2.0-S0016236121013168-mmc2.xlsx
"2,2,4-Trimethyl-3-pentanone",CC(C)C(=O)C(C)(C)C,807.5,Chen 2024.xlsx
"2,2,4-Trimethylhexane",CCC(C)CC(C)(C)C,711,Chen 2024.xlsx
"2,2,4-trimethylpentane",CC(C)CC(C)(C)C,687.77,Chen 2024.xlsx
"2,2,5,5-Tetramethylhexane",CC(C)(C)CCC(C)(C)C,714.8,1-s2.0-S0016236121013168-mmc2.xlsx
"2,2,5-Trimethylhexane",CC(C)CCC(C)(C)C,707.5,Chen 2024.xlsx
"2,2,5-trimethylhexane",CC(C)CCC(C)(C)C,707.2,1-s2.0-S0016236121013168-mmc2.xlsx
"2,2-DIMETHYL-1-PROPANOL",CC(C)(C)CO,812,1-s2.0-S0016236121013168-mmc2.xlsx
"2,2-Dimethyl-1-pentanol",CCCC(C)(C)CO,837.9,Chen 2024.xlsx
"2,2-Dimethyl-1-propanol",CC(C)(C)CO,812,Chen 2024.xlsx
"2,2-Dimethyl-3-Hexene",CCC=CC(C)(C)C,704.8,Chen 2024.xlsx
"2,2-Dimethyl-3-pentanone",CCC(=O)C(C)(C)C,812.5,1-s2.0-S0016236121013168-mmc2.xlsx
"2,2-Dimethylheptane",CCCCCC(C)(C)C,710.5,1-s2.0-S0016236121013168-mmc2.xlsx
"2,2-Dimethylpropane",CC(C)(C)C,649,Chen 2024.xlsx
"2,2-dimethoxypropane",CC(C)(OC)OC,847,1-s2.0-S0016236121013168-mmc2.xlsx
"2,2-dimethyl-3-ethylpentane",CCC(CC)C(C)(C)C,722,Chen 2024.xlsx
"2,2-dimethyl-3-pentanol",CCC(C(C)(C)C)O,825.3,1-s2.0-S0016236121013168-mmc2.xlsx
"2,2-dimethylbutane",CCC(C)(C)C,644.63,Chen 2024.xlsx
"2,2-dimethylbutyric acid",CCC(C)(C)C(=O)O,927.6,1-s2.0-S0016236121013168-mmc2.xlsx
"2,2-dimethylcyclohexan-1-one",CC1(CCCCC1=O)C,914.7,Chen 2024.xlsx
"2,2-dimethylheptane",CCCCCC(C)(C)C,715.7,Chen 2024.xlsx
"2,2-dimethylhexane",CCCCC(C)(C)C,691.12,Chen 2024.xlsx
"2,2-dimethyloctane",CCCCCCC(C)(C)C,720.8,1-s2.0-S0016236121013168-mmc2.xlsx
"2,2-dimethylpentane",CCCC(C)(C)C,669.58,Chen 2024.xlsx
"2,2-dimethylpropanal",CC(C)(C)C=O,792.3,1-s2.0-S0016236121013168-mmc2.xlsx
"2,2-diphenylpropane",CC(C)(C1=CC=CC=C1)C2=CC=CC=C2,998,1-s2.0-S0016236121013168-mmc2.xlsx
"2,2�-dimethylbiphenyl",,990.6,1-s2.0-S0016236121013168-mmc2.xlsx
"2,3,3,4-Tetramethylpentane",CC(C)C(C)(C)C(C)C,754.7,1-s2.0-S0016236121013168-mmc2.xlsx
"2,3,3,4-tetramethylpentane",CC(C)C(C)(C)C(C)C,720,Chen 2024.xlsx
"2,3,3-Trimethyl-1-pentene",CCC(C)(C)C(=C)C,730.8,1-s2.0-S0016236121013168-mmc2.xlsx
"2,3,3-Trimethyl-2-butanol",CC(C)(C)C(C)(C)O,838,1-s2.0-S0016236121013168-mmc2.xlsx
"2,3,3-Trimethylbutanol",CC(CO)C(C)(C)C,823.8,Chen 2024.xlsx
"2,3,3-Trimethylhexane",CCCC(C)(C)C(C)C,734.5,1-s2.0-S0016236121013168-mmc2.xlsx
"2,3,3-Trimethylpentane",CCC(C)(C)C(C)C,726.2,1-s2.0-S0016236121013168-mmc2.xlsx
"2,3,3-trimethyl-1-butene",CC(=C)C(C)(C)C,700.54,Chen 2024.xlsx
"2,3,3-trimethylhexane",CCCC(C)(C)C(C)C,732.3,Chen 2024.xlsx
"2,3,3-trimethylpentane",CCC(C)(C)C(C)C,722.32,Chen 2024.xlsx
"2,3,4,5-tetramethylhexane",CC(C)C(C)C(C)C(C)C,759.3,Chen 2024.xlsx
"2,3,4-trimethyl-2-pentene",CC(C)C(=C(C)C)C,743.4,1-s2.0-S0016236121013168-mmc2.xlsx
"2,3,4-trimethylhexane",CCC(C)C(C)C(C)C,734.7,Chen 2024.xlsx
"2,3,4-trimethylpentane",CC(C)C(C)C(C)C,715.03,Chen 2024.xlsx
"2,3,5-Trimethylhexane",CC(C)CC(C)C(C)C,721.9,Chen 2024.xlsx
"2,3-Butanedione",CC(=O)C(=O)C,990,Chen 2024.xlsx
"2,3-DIMETHYL-1,3-BUTADIENE",CC(=C)C(=C)C,722.2,1-s2.0-S0016236121013168-mmc2.xlsx
"2,3-DIMETHYLOCTANE",CCCCCC(C)C(C)C,737.7,1-s2.0-S0016236121013168-mmc2.xlsx
"2,3-Dimethyl-1-Hexene",CCCC(C)C(=C)C,717.2,1-s2.0-S0016236121013168-mmc2.xlsx
"2,3-Dimethyl-1-pentene",CCC(C)C(=C)C,705.1,1-s2.0-S0016236121013168-mmc2.xlsx
"2,3-Dimethyl-2-Hexene",CCCC(=C(C)C)C,736.6,1-s2.0-S0016236121013168-mmc2.xlsx
"2,3-Dimethyl-2-pentene",CCC(=C(C)C)C,727.7,1-s2.0-S0016236121013168-mmc2.xlsx
"2,3-Dimethylhexane",CCCC(C)C(C)C,708.09,Chen 2024.xlsx
"2,3-Pentadiene",CC=C=CC,695,1-s2.0-S0016236121013168-mmc2.xlsx
"2,3-dihydrofuran",C1COC=C1,927,1-s2.0-S0016236121013168-mmc2.xlsx
"2,3-dimethyl-1-butene",CC(C)C(=C)C,680.3,1-s2.0-S0016236121013168-mmc2.xlsx
"2,3-dimethyl-2-butanol",CC(C)C(C)(C)O,815.5,Chen 2024.xlsx
"2,3-dimethyl-2-butene",CC(=C(C)C)C,708,1-s2.0-S0016236121013168-mmc2.xlsx
"2,3-dimethylbutane",CC(C)C(C)C,656.98,Chen 2024.xlsx
"2,3-dimethylheptane",CCCCC(C)C(C)C,725.8,Chen 2024.xlsx
"2,3-dimethylnaphthalene",CC1=CC2=CC=CC=C2C=C1C,1003,1-s2.0-S0016236121013168-mmc2.xlsx
"2,3-dimethylpentane",CCC(C)C(C)C,689.6,Chen 2024.xlsx
"2,4,4-Trimethylhexane",CCC(C)(C)CC(C)C,720.1,1-s2.0-S0016236121013168-mmc2.xlsx
"2,4,4-trimethyl-1-pentene",CC(=C)CC(C)(C)C,715,1-s2.0-S0016236121013168-mmc2.xlsx
"2,4,4-trimethyl-2-pentene",CC(=CC(C)(C)C)C,721.8,1-s2.0-S0016236121013168-mmc2.xlsx
"2,4,4-trimethylhexane",CCC(C)(C)CC(C)C,719.6,Chen 2024.xlsx
"2,4,6,8,10,12,14-Heptaoxapentadecane",COCOCOCOCOCOCOC,1130,Chen 2024.xlsx
"2,4,6,8,10,12-Hexaoxatridecane",COCOCOCOCOCOC,1100,Chen 2024.xlsx
"2,4,6,8,10-Pentaoxaundecane",COCOCOCOCOC,1060,Chen 2024.xlsx
"2,4,6,8-Tetraoxanonane",COCOCOCOC,1020,Chen 2024.xlsx
"2,4,6-Trioxaheptane",COCOCOC,960,Chen 2024.xlsx
"2,4-DIMETHYLOCTANE",CCCCC(C)CC(C)C,722.6,1-s2.0-S0016236121013168-mmc2.xlsx
"2,4-Dimethyl-1-pentene",CC(C)CC(=C)C,694.3,1-s2.0-S0016236121013168-mmc2.xlsx
"2,4-Dimethyl-2-pentene",CC(C)C=C(C)C,695.5,Chen 2024.xlsx
"2,4-Dimethyl-3-Isopropylpentane",CC(C)C(C(C)C)C(C)C,754.5,1-s2.0-S0016236121013168-mmc2.xlsx
"2,4-Dimethyl-3-ethylpentane",CCC(C(C)C)C(C)C,736.5,1-s2.0-S0016236121013168-mmc2.xlsx
"2,4-Dimethyl-3-pentanone",CC(C)C(=O)C(C)C,803.9,Chen 2024.xlsx
"2,4-PENTANEDIOL",CC(CC(C)O)O,963.5,1-s2.0-S0016236121013168-mmc2.xlsx
"2,4-XYLENOL",CC1=CC(=C(C=C1)O)C,965,1-s2.0-S0016236121013168-mmc2.xlsx
"2,4-dimethyl-3-pentanol",CC(C)C(C(C)C)O,828.8,1-s2.0-S0016236121013168-mmc2.xlsx
"2,4-dimethyl-3-pentanone",CC(C)C(=O)C(C)C,810.8,1-s2.0-S0016236121013168-mmc2.xlsx
"2,4-dimethylhexane",CCC(C)CC(C)C,696.2,Chen 2024.xlsx
"2,4-dimethylpentane",CC(C)CC(C)C,674.5,Chen 2024.xlsx
"2,5-DIMETHYL-1,5-HEXADIENE",CC(=C)CCC(=C)C,743,1-s2.0-S0016236121013168-mmc2.xlsx
"2,5-DIMETHYL-2,4-HEXADIENE",CC(=CC=C(C)C)C,757.7,1-s2.0-S0016236121013168-mmc2.xlsx
"2,5-DIMETHYLOCTANE",CCCC(C)CCC(C)C,726.4,1-s2.0-S0016236121013168-mmc2.xlsx
"2,5-Dimethyl-2-Hexene",CC(C)CC=C(C)C,726.5,Chen 2024.xlsx
"2,5-Dimethyl-3-Hexene",CC(C)C=CC(C)C,712.2,Chen 2024.xlsx
"2,5-Dimethyl-3-hexyne-2,5-diol",CC(C)(C#CC(C)(C)O)O,947,1-s2.0-S0016236121013168-mmc2.xlsx
"2,5-Dimethylhexa-2,4-Diene",CC(=CC=C(C)C)C,764.6,Chen 2024.xlsx
"2,5-Hexanediol",CC(CCC(C)O)O,961,1-s2.0-S0016236121013168-mmc2.xlsx
"2,5-Hexanediol, 2,5-dimethyl",,898,1-s2.0-S0016236121013168-mmc2.xlsx
"2,5-Hexanedione",CC(=O)CCC(=O)C,737,1-s2.0-S0016236121013168-mmc2.xlsx
"2,5-Norbornadiene",C1C2C=CC1C=C2,906.4,1-s2.0-S0016236121013168-mmc2.xlsx
"2,5-dimethylfuran",CC1=CC=C(O1)C,888.3,1-s2.0-S0016236121013168-mmc2.xlsx
"2,5-dimethylheptane",CCC(C)CCC(C)C,714,Chen 2024.xlsx
"2,5-dimethylhexane",CC(C)CCC(C)C,689.34,Chen 2024.xlsx
"2,6-DI-tert-BUTYL-p-CRESOL",CC1=CC(=C(C(=C1)C(C)(C)C)O)C(C)(C)C,893.7,1-s2.0-S0016236121013168-mmc2.xlsx
"2,6-DIMETHYL-4-HEPTANOL",CC(C)CC(CC(C)C)O,811.4,1-s2.0-S0016236121013168-mmc2.xlsx
"2,6-DIMETHYLOCTANE",CCC(C)CCCC(C)C,731.3,1-s2.0-S0016236121013168-mmc2.xlsx
"2,6-Dimethyl-1,5-Heptadiene",CC(=CCCC(=C)C)C,764.8,1-s2.0-S0016236121013168-mmc2.xlsx
"2,6-Dimethyl-4-heptanone",CC(C)CC(=O)CC(C)C,801.2,Chen 2024.xlsx
"2,6-Dimethylheptane",CC(C)CCCC(C)C,708.9,1-s2.0-S0016236121013168-mmc2.xlsx
"2,6-dimethyl-4-heptanone",CC(C)CC(=O)CC(C)C,806.2,1-s2.0-S0016236121013168-mmc2.xlsx
"2,6-dimethylcyclohexan-1-one",CC1CCCC(C1=O)C,915,Chen 2024.xlsx
"2,6-dimethylheptane",CC(C)CCCC(C)C,709.8,Chen 2024.xlsx
"2,6-dimethylnaphthalene",CC1=CC2=C(C=C1)C=C(C=C2)C,1003,1-s2.0-S0016236121013168-mmc2.xlsx
"2,6-dimethyloctane",CCC(C)CCCC(C)C,731.3,1-s2.0-S0016236121013168-mmc2.xlsx
"2,7-DIMETHYLNAPHTHALENE",CC1=CC2=C(C=C1)C=CC(=C2)C,1003,1-s2.0-S0016236121013168-mmc2.xlsx
"2,7-DIMETHYLOCTANE",CC(C)CCCCC(C)C,720.2,1-s2.0-S0016236121013168-mmc2.xlsx
"2,7-Dimethyloctane",CC(C)CCCCC(C)C,720.2,1-s2.0-S0016236121013168-mmc2.xlsx
2-(2-(2-BUTOXYETHOXY)ETHOXY)ETHANOL,CCCCOCCOCCOCCO,989,1-s2.0-S0016236121013168-mmc2.xlsx
2-(2-(2-ETHOXYETHOXY)ETHOXY)ETHANOL,CCOCCOCCOCCO,1020.9,1-s2.0-S0016236121013168-mmc2.xlsx
2-(2-BUTOXYETHOXY)ETHANOL,CCCCOCCOCCO,955.3,1-s2.0-S0016236121013168-mmc2.xlsx
2-(Benzyloxy)ethanol,C1=CC=C(C=C1)COCCO,1064,1-s2.0-S0016236121013168-mmc2.xlsx
2-BUTYL-OCTAN-1-OL,CCCCCCC(CCCC)CO,891,1-s2.0-S0016236121013168-mmc2.xlsx
2-Butene,CC=CC,636,Chen 2024.xlsx
2-Butyne,CC#CC,691,1-s2.0-S0016236121013168-mmc2.xlsx
2-CYCLOHEXENE-1-ONE,C1CC=CC(=O)C1,962,1-s2.0-S0016236121013168-mmc2.xlsx
2-CYCLOHEXYL CYCLOHEXANONE,C1CCC(CC1)C2CCCCC2=O,969.6,1-s2.0-S0016236121013168-mmc2.xlsx
2-ETHYL BUTYRIC ACID,,923.9,1-s2.0-S0016236121013168-mmc2.xlsx
2-ETHYL HEXANOIC ACID,CCCCC(CC)C(=O)O,903.1,1-s2.0-S0016236121013168-mmc2.xlsx
2-ETHYL-2-HEXENAL,CCCC=C(CC)C=O,855.4,1-s2.0-S0016236121013168-mmc2.xlsx
2-ETHYLHEXYL ACETATE,CCCCC(CC)COC(=O)C,871.8,1-s2.0-S0016236121013168-mmc2.xlsx
2-ETHYLHEXYL ACRYLATE,CCCCC(CC)COC(=O)C=C,880,1-s2.0-S0016236121013168-mmc2.xlsx
2-Ethoxyethyl acetate,CCOCCOC(=O)C,974,1-s2.0-S0016236121013168-mmc2.xlsx
2-Ethoxypropane,CCOC(C)C,721.1,Chen 2024.xlsx
"2-Ethyl-1,3-hexanediol",CCCC(C(CC)CO)O,932.5,1-s2.0-S0016236121013168-mmc2.xlsx
2-Ethyl-1-Hexene,CCCCC(=C)CC,727,1-s2.0-S0016236121013168-mmc2.xlsx
2-Ethyl-1-Pentene,CCCC(=C)CC,707.9,1-s2.0-S0016236121013168-mmc2.xlsx
2-Ethyl-3-methylbut-1-ene,CCC(=C)C(C)C,718.6,Chen 2024.xlsx
2-Ethylbutyl acetate,CCC(CC)COC(=O)C,879,1-s2.0-S0016236121013168-mmc2.xlsx
2-HEXOXYETHANOL,CCCCCCOCCO,887.8,1-s2.0-S0016236121013168-mmc2.xlsx
2-HEXYNE,CCCC#CC,731.5,1-s2.0-S0016236121013168-mmc2.xlsx
2-HYDROXYETHYL ACRYLATE,C=CC(=O)OCCO,1011,1-s2.0-S0016236121013168-mmc2.xlsx
2-HYDROXYPROPYL METHACRYLATE,CC(COC(=O)C(=C)C)O,1066,1-s2.0-S0016236121013168-mmc2.xlsx
2-Heptadecanone,CCCCCCCCCCCCCCCC(=O)C,804.9,1-s2.0-S0016236121013168-mmc2.xlsx
"2-Heptanol, 2-methyl",,814.2,1-s2.0-S0016236121013168-mmc2.xlsx
2-Heptene,CCCCC=CC,713,Chen 2024.xlsx
2-Heptyne,CCCCC#CC,744,1-s2.0-S0016236121013168-mmc2.xlsx
2-Hydroxybenzoic acid,C1=CC=C(C(=C1)C(=O)O)O,1443,1-s2.0-S0016236121013168-mmc2.xlsx
2-Hydroxybiphenyl,C1=CC=C(C=C1)C2=CC=CC=C2O,1213,1-s2.0-S0016236121013168-mmc2.xlsx
"2-METHYL-1,3-PROPANEDIOL",CC(CO)CO,1015,1-s2.0-S0016236121013168-mmc2.xlsx
2-METHYL-1-HEXANOL,CCCCC(C)CO,826,1-s2.0-S0016236121013168-mmc2.xlsx
2-METHYL-1-NONENE,CCCCCCCC(=C)C,741.2,1-s2.0-S0016236121013168-mmc2.xlsx
2-METHYL-1-UNDECANOL,CCCCCCCCCC(C)CO,830,1-s2.0-S0016236121013168-mmc2.xlsx
2-METHYL-2-PENTENAL,CCC=C(C)C=O,858.1,1-s2.0-S0016236121013168-mmc2.xlsx
2-METHYLBENZOFURAN,CC1=CC2=CC=CC=C2O1,1054,1-s2.0-S0016236121013168-mmc2.xlsx
2-METHYLHEXANOIC ACID,CCCCC(C)C(=O)O,918,1-s2.0-S0016236121013168-mmc2.xlsx
2-Methoxybenzaldehyde,COC1=CC=CC=C1C=O,1132.6,1-s2.0-S0016236121013168-mmc2.xlsx
2-Methoxyethyl acetate,CC(=O)OCCOC,1007.4,1-s2.0-S0016236121013168-mmc2.xlsx
2-Methoxyethyl ether,COCCOCCOC,943.4,1-s2.0-S0016236121013168-mmc2.xlsx
"2-Methyl-1, cis-3-pentadiene",,714,1-s2.0-S0016236121013168-mmc2.xlsx
"2-Methyl-1,5-hexadiene",CC(=C)CCC=C,723,Chen 2024.xlsx
2-Methyl-1-butanol,CCC(C)CO,814.78,Chen 2024.xlsx
2-Methyl-1-butene,CCC(=C)C,650.4,1-s2.0-S0016236121013168-mmc2.xlsx
2-Methyl-1-hexene,CCCCC(=C)C,700,1-s2.0-S0016236121013168-mmc2.xlsx
2-Methyl-1-octene,CCCCCCC(=C)C,734.3,1-s2.0-S0016236121013168-mmc2.xlsx
2-Methyl-1-propanol,CC(C)CO,798.03,Chen 2024.xlsx
"2-Methyl-2,4-hexadiene",CC=CC=C(C)C,743.9,Chen 2024.xlsx
2-Methyl-2-hexanol,CCCCC(C)(C)O,809.4,Chen 2024.xlsx
2-Methyl-2-hexene,CCCC=C(C)C,704.1,Chen 2024.xlsx
2-Methyl-2-propanol,CC(C)(C)O,781,Chen 2024.xlsx
2-Methyl-2-propenol,CC(=C)CO,851.5,1-s2.0-S0016236121013168-mmc2.xlsx
2-Methyl-3-ethylpentane,CCC(CC)C(C)C,719.32,Chen 2024.xlsx
2-Methyl-3-heptene,CCCC=CC(C)C,725,Chen 2024.xlsx
2-Methyl-3-hexene,CCC=CC(C)C,694.2,Chen 2024.xlsx
2-Methylbenzyl alcohol,CC1=CC=CC=C1CO,1023,1-s2.0-S0016236121013168-mmc2.xlsx
2-Methyldecane,CCCCCCCCC(C)C,736.8,1-s2.0-S0016236121013168-mmc2.xlsx
2-Methylindene,CC1=CC2=CC=CC=C2C1,974,1-s2.0-S0016236121013168-mmc2.xlsx
2-Methylnonane,CCCCCCCC(C)C,728.1,1-s2.0-S0016236121013168-mmc2.xlsx
2-Methyloctane,CCCCCCC(C)C,709.5,1-s2.0-S0016236121013168-mmc2.xlsx
2-Methylpropane,CC(C)C,550.9,Chen 2024.xlsx
2-Methylpropanoic anhydride,CC(C)C(=O)OC(=O)C(C)C,953.5,1-s2.0-S0016236121013168-mmc2.xlsx
2-Methylpropene,CC(=C)C,589,1-s2.0-S0016236121013168-mmc2.xlsx
2-Methylpropionic Acid,CC(C)C(=O)O,968.1,1-s2.0-S0016236121013168-mmc2.xlsx
2-Nonadecanone,CCCCCCCCCCCCCCCCCC(=O)C,810.8,1-s2.0-S0016236121013168-mmc2.xlsx
2-PHENYL-1-PROPANOL,CC(CO)C1=CC=CC=C1,975,1-s2.0-S0016236121013168-mmc2.xlsx
2-PHENYL-2-PROPANOL,CC(C)(C1=CC=CC=C1)O,973.5,1-s2.0-S0016236121013168-mmc2.xlsx
2-Phenoxyethanol,C1=CC=C(C=C1)OCCO,1102,1-s2.0-S0016236121013168-mmc2.xlsx
2-Phenyl-1-Butene,CCC(=C)C1=CC=CC=C1,887,1-s2.0-S0016236121013168-mmc2.xlsx
2-Propenylbenzene,C=CCC1=CC=CC=C1,923.7,Chen 2024.xlsx
2-Tridecanone,CCCCCCCCCCCC(=O)C,821.7,1-s2.0-S0016236121013168-mmc2.xlsx
2-Undecanol,CCCCCCCCCC(C)O,823.4,1-s2.0-S0016236121013168-mmc2.xlsx
2-Undecanone,CCCCCCCCCC(=O)C,825,1-s2.0-S0016236121013168-mmc2.xlsx
2-butanol,CCC(C)O,802.4,Chen 2024.xlsx
2-butanone,CCC(=O)C,799.9,1-s2.0-S0016236121013168-mmc2.xlsx
2-butoxyethanol,CCCCOCCO,901.5,1-s2.0-S0016236121013168-mmc2.xlsx
2-butylfuran,CCCCC1=CC=CO1,898.3,Chen 2024.xlsx
2-decanone,CCCCCCCCC(=O)C,824.8,1-s2.0-S0016236121013168-mmc2.xlsx
2-dodecanol,CCCCCCCCCCC(C)O,828.6,1-s2.0-S0016236121013168-mmc2.xlsx
2-ethoxyethanol,CCOCCO,925.3,1-s2.0-S0016236121013168-mmc2.xlsx
"2-ethyl-1,4-dimethylBenzene",CCC1=C(C=CC(=C1)C)C,877.7,Chen 2024.xlsx
2-ethyl-1-butanol,CCC(CC)CO,832.6,1-s2.0-S0016236121013168-mmc2.xlsx
2-ethyl-1-butene,CCC(=C)CC,691.4,Chen 2024.xlsx
2-ethyl-1-hexanol,CCCCC(CC)CO,831.9,1-s2.0-S0016236121013168-mmc2.xlsx
2-ethyl-1-pentene,CCCC(=C)CC,707.9,Chen 2024.xlsx
2-ethylbutanal,CCC(CC)C=O,811,1-s2.0-S0016236121013168-mmc2.xlsx
2-ethylfuran,CCC1=CC=CO1,901.8,Chen 2024.xlsx
2-ethylhexanal,CCCCC(CC)C=O,854,1-s2.0-S0016236121013168-mmc2.xlsx
2-ethylnaphthalene,CCC1=CC2=CC=CC=C2C=C1,992.2,1-s2.0-S0016236121013168-mmc2.xlsx
2-ethyltetrahydrofuran,CCC1CCCO1,853.9,Chen 2024.xlsx
2-furfuryl alcohol,C1=COC(=C1)CO,1133,Chen 2024.xlsx
2-heptanol,CCCCCC(C)O,816.7,1-s2.0-S0016236121013168-mmc2.xlsx
2-heptanone,CCCCCC(=O)C,811.1,1-s2.0-S0016236121013168-mmc2.xlsx
2-hexanol,CCCCC(C)O,810.14,Chen 2024.xlsx
2-hexanone,CCCCC(=O)C,811.3,1-s2.0-S0016236121013168-mmc2.xlsx
2-isopropoxyethanol,CC(C)OCCO,903,1-s2.0-S0016236121013168-mmc2.xlsx
2-methoxyethanol,COCCO,964.7,1-s2.0-S0016236121013168-mmc2.xlsx
2-methyl tetrahydrofuran,CC1CCCO1,854,Chen 2024.xlsx
"2-methyl-1,3-butadiene",CC(=C)C=C,681,Chen 2024.xlsx
"2-methyl-1,5-hexadiene",CC(=C)CCC=C,715.3,1-s2.0-S0016236121013168-mmc2.xlsx
2-methyl-1-heptene,CCCCCC(=C)C,710.4,1-s2.0-S0016236121013168-mmc2.xlsx
2-methyl-1-pentanol,CCCC(C)CO,820.6,Chen 2024.xlsx
2-methyl-1-pentene,CCCC(=C)C,679.9,1-s2.0-S0016236121013168-mmc2.xlsx
2-methyl-1-propanol,CC(C)CO,801.8,1-s2.0-S0016236121013168-mmc2.xlsx
2-methyl-2-butanol,CCC(C)(C)O,804.01,Chen 2024.xlsx
2-methyl-2-butene,CC=C(C)C,656.94,Chen 2024.xlsx
2-methyl-2-heptene,CCCCC=C(C)C,720.5,Chen 2024.xlsx
2-methyl-2-hexanol,CCCCC(C)(C)O,811.9,1-s2.0-S0016236121013168-mmc2.xlsx
2-methyl-2-pentanol,CCCC(C)(C)O,809.5,Chen 2024.xlsx
2-methyl-2-pentene,CCC=C(C)C,690.4,Chen 2024.xlsx
2-methyl-3-buten-2-ol,CC(C)(C=C)O,820,Chen 2024.xlsx
2-methyl-3-hexanone,CCCC(=O)C(C)C,842.8,Chen 2024.xlsx
2-methyl-3-pentanone,CCC(=O)C(C)C,800,Chen 2024.xlsx
2-methylbiphenyl,CC1=CC=CC=C1C2=CC=CC=C2,1011.3,1-s2.0-S0016236121013168-mmc2.xlsx
2-methylbutane,CCC(C)C,619.7,Chen 2024.xlsx
2-methylfuran,CC1=CC=CO1,916,Chen 2024.xlsx
2-methylheptane,CCCCCC(C)C,693.92,Chen 2024.xlsx
2-methylhexane,CCCCC(C)C,678.9,Chen 2024.xlsx
2-methylindene,CC1=CC2=CC=CC=C2C1,974,1-s2.0-S0016236121013168-mmc2.xlsx
2-methylnaphthalene,CC1=CC2=CC=CC=C2C=C1,1004.4,Chen 2024.xlsx
2-methyloctane,CCCCCCC(C)C,713.5,Chen 2024.xlsx
2-methylpentane,CCCC(C)C,657.02,Chen 2024.xlsx
2-nonanol,CCCCCCCC(C)O,847.1,1-s2.0-S0016236121013168-mmc2.xlsx
2-nonanone,CCCCCCCC(=O)C,820.8,1-s2.0-S0016236121013168-mmc2.xlsx
2-octanol,CCCCCCC(C)O,819.3,1-s2.0-S0016236121013168-mmc2.xlsx
2-octanone,CCCCCCC(=O)C,820,1-s2.0-S0016236121013168-mmc2.xlsx
2-octene,CCCCCC=CC,725,Chen 2024.xlsx
2-octyne,CCCCCC#CC,759.6,1-s2.0-S0016236121013168-mmc2.xlsx
2-pentanol,CCCC(C)O,805.24,Chen 2024.xlsx
2-pentanone,CCCC(=O)C,809,1-s2.0-S0016236121013168-mmc2.xlsx
2-pentene,CCC=CC,650.6,Chen 2024.xlsx
2-pentyne,CCC#CC,705.8,1-s2.0-S0016236121013168-mmc2.xlsx
2-phenyl ethanol,C1=CC=C(C=C1)CCO,1020.2,1-s2.0-S0016236121013168-mmc2.xlsx
2-propanol,CC(C)O,780.98,Chen 2024.xlsx
2-propanone (acetone),,784.5,1-s2.0-S0016236121013168-mmc2.xlsx
2-tetrahydrofurfuryl alcohol,,1052.4,1-s2.0-S0016236121013168-mmc2.xlsx
"2H-Pyran-2-methanol, tetrahydro-",C1CCOC(C1)CO,1027,1-s2.0-S0016236121013168-mmc2.xlsx
"3,3,4-Trimethylhexane",CCC(C)C(C)(C)CC,722,Chen 2024.xlsx
"3,3,5-Trimethylheptane",CCC(C)CC(C)(C)CC,724.8,1-s2.0-S0016236121013168-mmc2.xlsx
"3,3,5-trimethylcyclohexanone",CC1CC(=O)CC(C1)(C)C,891.9,1-s2.0-S0016236121013168-mmc2.xlsx
"3,3-DIMETHYLHEPTANE",CCCCC(C)(C)CC,727,Chen 2024.xlsx
"3,3-Diacetoxy-1-propene",CC(=O)OC(C=C)OC(=O)C,1076,1-s2.0-S0016236121013168-mmc2.xlsx
"3,3-Diethylpentane",CCC(CC)(CC)CC,748.68,Chen 2024.xlsx
"3,3-Dimethyl-1-pentene",CCC(C)(C)C=C,696.1,Chen 2024.xlsx
"3,3-Dimethyl-2-butanone",CC(=O)C(C)(C)C,722.9,Chen 2024.xlsx
"3,3-Dimethylhexane",CCCC(C)(C)CC,710,1-s2.0-S0016236121013168-mmc2.xlsx
"3,3-Dimethylpentan-1-ol",CCC(C)(C)CCO,832,Chen 2024.xlsx
"3,3-dimethyl-1-butanol",CC(C)(C)CCO,809.7,Chen 2024.xlsx
"3,3-dimethyl-1-butene",CC(C)(C)C=C,647.86,Chen 2024.xlsx
"3,3-dimethyl-2-butanone",CC(=O)C(C)(C)C,722.9,1-s2.0-S0016236121013168-mmc2.xlsx
"3,3-dimethylcyclohexan-1-one",CC1(CCCC(=O)C1)C,906,Chen 2024.xlsx
"3,3-dimethylhexane",CCCC(C)(C)CC,705.96,Chen 2024.xlsx
"3,3-dimethylpentane",CCC(C)(C)CC,689.09,Chen 2024.xlsx
"3,3�-dimethylbiphenyl",,999.5,1-s2.0-S0016236121013168-mmc2.xlsx
"3,4,4-Trimethyl-2-pentene",CC=C(C)C(C)(C)C,735,Chen 2024.xlsx
"3,4-Dimethyl-1-pentene",CC(C)C(C)C=C,701,Chen 2024.xlsx
"3,4-XYLENOL",CC1=C(C=C(C=C1)O)C,983,1-s2.0-S0016236121013168-mmc2.xlsx
"3,4-dihydro-2H-pyran",C1CC=COC1,921,1-s2.0-S0016236121013168-mmc2.xlsx
"3,4-dimethylheptane",CCCC(C)C(C)CC,731.4,Chen 2024.xlsx
"3,4-dimethylhexane",CCC(C)C(C)CC,715.16,Chen 2024.xlsx
"3,5-XYLENOL",CC1=CC(=CC(=C1)O)C,968,1-s2.0-S0016236121013168-mmc2.xlsx
"3,5-dimethylheptane",CCC(C)CC(C)CC,719.9,Chen 2024.xlsx
"3,7-Dimethyl-1,6-Octadiene",CC(CCC=C(C)C)C=C,760.1,1-s2.0-S0016236121013168-mmc2.xlsx
"3,7-dimethyl-1-octanol",CC(C)CCCC(C)CCO,832,1-s2.0-S0016236121013168-mmc2.xlsx
3-Buten-2-one,CC(=O)C=C,864,1-s2.0-S0016236121013168-mmc2.xlsx
3-Ethyl-1-pentene,CCC(CC)C=C,694.8,Chen 2024.xlsx
"3-Ethyl-2,4-dimethylpentane",CCC(C(C)C)C(C)C,736.5,Chen 2024.xlsx
3-Ethyl-2-methyl-1-pentene,CCC(CC)C(=C)C,726.2,1-s2.0-S0016236121013168-mmc2.xlsx
3-Ethyl-2-methylpentane,CCC(CC)C(C)C,719.3,1-s2.0-S0016236121013168-mmc2.xlsx
3-Ethyl-2-pentene,CCC(=CC)CC,720.4,1-s2.0-S0016236121013168-mmc2.xlsx
3-Ethyl-4-methylhexane,CCC(C)C(CC)CC,738,Chen 2024.xlsx
3-Ethylheptane,CCCCC(CC)CC,725.1,Chen 2024.xlsx
3-Ethylhexane,CCCC(CC)CC,709.48,Chen 2024.xlsx
3-Ethyloctane,CCCCCC(CC)CC,735.9,1-s2.0-S0016236121013168-mmc2.xlsx
3-HEXYNE,CCC#CCC,723.1,1-s2.0-S0016236121013168-mmc2.xlsx
3-Heptanone,CCCCC(=O)CC,812.8,Chen 2024.xlsx
3-Heptene,CCCC=CCC,701.6,Chen 2024.xlsx
3-Heptyne,CCCC#CCC,733.6,1-s2.0-S0016236121013168-mmc2.xlsx
3-Hexene,CCC=CCC,678.8,Chen 2024.xlsx
3-Hydroxybutanal,CC(CC=O)O,1103,1-s2.0-S0016236121013168-mmc2.xlsx
3-METHYL-1-BUTYNE,CC(C)C#C,666,1-s2.0-S0016236121013168-mmc2.xlsx
3-METHYL-3-PENTANOL,CCC(C)(CC)O,828.6,1-s2.0-S0016236121013168-mmc2.xlsx
3-METHYLCYCLOPENTENE,CC1CCC=C1,757.2,1-s2.0-S0016236121013168-mmc2.xlsx
3-METHYLHEXANAL,CCCC(C)CC=O,820.3,1-s2.0-S0016236121013168-mmc2.xlsx
3-METHYLUNDECANE,CCCCCCCCC(C)CC,748.5,1-s2.0-S0016236121013168-mmc2.xlsx
"3-Methyl-1,2-Butadiene",CC(=C=C)C,680.6,1-s2.0-S0016236121013168-mmc2.xlsx
3-Methyl-1-Heptene,CCCCC(C)C=C,719,Chen 2024.xlsx
3-Methyl-1-butanol,CC(C)CCO,806.31,Chen 2024.xlsx
3-Methyl-1-butene,CC(C)C=C,621.3,Chen 2024.xlsx
3-Methyl-1-hexene,CCCC(C)C=C,687.1,1-s2.0-S0016236121013168-mmc2.xlsx
3-Methyl-3-ethylpentane,CCC(C)(CC)CC,723.54,Chen 2024.xlsx
3-Methyl-3-hexene,CCC=C(C)CC,714,Chen 2024.xlsx
3-Methylbenzyl alcohol,CC1=CC(=CC=C1)CO,915.7,1-s2.0-S0016236121013168-mmc2.xlsx
3-Methyldecane,CCCCCCCC(C)CC,742.2,1-s2.0-S0016236121013168-mmc2.xlsx
3-Methylfuran,CC1=COC=C1,923,Chen 2024.xlsx
3-Methylnonane,CCCCCCC(C)CC,735.4,1-s2.0-S0016236121013168-mmc2.xlsx
3-Methyloctane,CCCCCC(C)CC,720.5,Chen 2024.xlsx
3-Nonanol,CCCCCCC(CC)O,825,1-s2.0-S0016236121013168-mmc2.xlsx
3-PHENYL-1-PROPANOL,C1=CC=C(C=C1)CCCO,995,1-s2.0-S0016236121013168-mmc2.xlsx
3-Pentanone,CCC(=O)CC,810.09,Chen 2024.xlsx
3-cyclohexene-1-carboxaldehyde,C1CC(CC=C1)C=O,969.2,1-s2.0-S0016236121013168-mmc2.xlsx
3-decanone,CCCCCCCC(=O)CC,825.1,1-s2.0-S0016236121013168-mmc2.xlsx
3-ethoxypropanal,CCOCCC=O,916.5,1-s2.0-S0016236121013168-mmc2.xlsx
3-ethyl-2-pentene,CCC(=CC)CC,720.4,1-s2.0-S0016236121013168-mmc2.xlsx
3-ethyl-3-pentanol,CCC(CC)(CC)O,840.7,1-s2.0-S0016236121013168-mmc2.xlsx
3-ethylpentane,CCC(CC)CC,693.77,Chen 2024.xlsx
3-heptanol,CCCCC(CC)O,822.7,1-s2.0-S0016236121013168-mmc2.xlsx
3-heptanone,CCCCC(=O)CC,818.3,1-s2.0-S0016236121013168-mmc2.xlsx
3-hexanone,CCCC(=O)CC,821.6,Chen 2024.xlsx
3-methyl-1-butanol,CC(C)CCO,810.4,1-s2.0-S0016236121013168-mmc2.xlsx
3-methyl-1-hexene,CCCC(C)C=C,694.5,Chen 2024.xlsx
3-methyl-1-pentene,CCC(C)C=C,670,Chen 2024.xlsx
3-methyl-2-butanol,CC(C)C(C)O,812.31,Chen 2024.xlsx
3-methyl-2-butanone,CC(C)C(=O)C,805.1,1-s2.0-S0016236121013168-mmc2.xlsx
3-methyl-2-pentanol,CCC(C)C(C)O,811,Chen 2024.xlsx
3-methylbiphenyl,CC1=CC(=CC=C1)C2=CC=CC=C2,1018.2,1-s2.0-S0016236121013168-mmc2.xlsx
3-methylbutanal,CC(C)CC=O,797.7,1-s2.0-S0016236121013168-mmc2.xlsx
3-methylheptane,CCCCC(C)CC,701.75,Chen 2024.xlsx
3-methylhexane,CCCC(C)CC,687,Chen 2024.xlsx
3-methylpentane,CCC(C)CC,659.76,Chen 2024.xlsx
3-nonanone,CCCCCCC(=O)CC,824.1,1-s2.0-S0016236121013168-mmc2.xlsx
3-octanol,CCCCCC(CC)O,825.8,1-s2.0-S0016236121013168-mmc2.xlsx
3-octanone,CCCCCC(=O)CC,822,1-s2.0-S0016236121013168-mmc2.xlsx
3-octyne,CCCCC#CCC,752.9,1-s2.0-S0016236121013168-mmc2.xlsx
3-pentanol,CCC(CC)O,820.3,1-s2.0-S0016236121013168-mmc2.xlsx
3-pentanone,CCC(=O)CC,809.8,1-s2.0-S0016236121013168-mmc2.xlsx
"4,4-Dimethyl-1-pentanol",CC(C)(C)CCCO,815,Chen 2024.xlsx
"4,4-Dimethyl-1-pentene",CC(C)(C)CC=C,680.2,Chen 2024.xlsx
"4,4-Dimethyl-2-pentene",CC=CC(C)(C)C,712,Chen 2024.xlsx
"4,4-dimethyl-1-pentene",CC(C)(C)CC=C,682.7,1-s2.0-S0016236121013168-mmc2.xlsx
"4,4-dimethyl-2-pentanone",CC(=O)CC(C)(C)C,816.5,Chen 2024.xlsx
"4,4�-dimethylbiphenyl",,917,1-s2.0-S0016236121013168-mmc2.xlsx
4-Decanone,CCCCCCC(=O)CCC,824,1-s2.0-S0016236121013168-mmc2.xlsx
4-Ethyl-2-methylhexane,CCC(CC)CC(C)C,721,Chen 2024.xlsx
4-Ethyloctane,CCCCC(CC)CCC,734.3,1-s2.0-S0016236121013168-mmc2.xlsx
4-Heptanone,CCCC(=O)CCC,818.5,Chen 2024.xlsx
4-METHYLCYCLOPENTENE,CC1CC=CC1,763.4,1-s2.0-S0016236121013168-mmc2.xlsx
"4-Methyl-1,3-pentadiene",CC(=CC=C)C,718.1,1-s2.0-S0016236121013168-mmc2.xlsx
4-Methyl-1-cyclohexene,CC1CCC=CC1,799.1,1-s2.0-S0016236121013168-mmc2.xlsx
4-Methyl-2-hexene,CCC(C)C=CC,700.7,Chen 2024.xlsx
4-Methyl-cis-2-pentene,CC=CC(C)C,670.2,Chen 2024.xlsx
4-Methylacetophenone,CC1=CC=C(C=C1)C(=O)C,1005.1,1-s2.0-S0016236121013168-mmc2.xlsx
4-Methylbenzyl alcohol,CC1=CC=C(C=C1)CO,978,1-s2.0-S0016236121013168-mmc2.xlsx
4-Methylnonane,CCCCCC(C)CCC,732.3,1-s2.0-S0016236121013168-mmc2.xlsx
4-Methyloctane,CCCCC(C)CCC,720.17,Chen 2024.xlsx
4-Methylpent-3-en-2-one,CC(=CC(=O)C)C,865.3,1-s2.0-S0016236121013168-mmc2.xlsx
4-NONANONE,CCCCCC(=O)CCC,819,1-s2.0-S0016236121013168-mmc2.xlsx
4-Octanone,CCCCC(=O)CCC,814.6,1-s2.0-S0016236121013168-mmc2.xlsx
4-Vinyl-1-Cyclohexene,C=CC1CCC=CC1,829.9,1-s2.0-S0016236121013168-mmc2.xlsx
4-benzyl-biphenyl,,1171,1-s2.0-S0016236121013168-mmc2.xlsx
4-ethyl guaiacol,CCC1=CC(=C(C=C1)O)OC,1051,Chen 2024.xlsx
4-heptanol,CCCC(CCC)O,818.3,1-s2.0-S0016236121013168-mmc2.xlsx
4-heptanone,CCCC(=O)CCC,817.4,1-s2.0-S0016236121013168-mmc2.xlsx
"4-hydroxy-4-methyl-
2-pentanone",,938.7,1-s2.0-S0016236121013168-mmc2.xlsx
4-hydroxy-4-methyl-2-pentanone,CC(=O)CC(C)(C)O,938.7,1-s2.0-S0016236121013168-mmc2.xlsx
4-methoxy benzaldehyde,COC1=CC=C(C=C1)C=O,1119,1-s2.0-S0016236121013168-mmc2.xlsx
4-methyl anisole,CC1=CC=C(C=C1)OC,969,Chen 2024.xlsx
4-methyl guaiacol,CC1=CC(=C(C=C1)O)OC,1091.9,Chen 2024.xlsx
4-methyl-1-heptene,CCCC(C)CC=C,719.1,Chen 2024.xlsx
4-methyl-1-hexene,CCC(C)CC=C,696.9,Chen 2024.xlsx
4-methyl-1-pentanol,CC(C)CCCO,813.1,1-s2.0-S0016236121013168-mmc2.xlsx
4-methyl-1-pentene,CC(C)CC=C,671.8,Chen 2024.xlsx
4-methyl-2-pentanol,CC(C)CC(C)O,802.45,Chen 2024.xlsx
4-methyl-2-pentanone,CC(C)CC(=O)C,796.5,1-s2.0-S0016236121013168-mmc2.xlsx
4-methylbiphenyl,CC1=CC=C(C=C1)C2=CC=CC=C2,1015,1-s2.0-S0016236121013168-mmc2.xlsx
4-methylheptane,CCCC(C)CCC,700.55,Chen 2024.xlsx
4-nonanol,CCCCCC(CCC)O,828.2,1-s2.0-S0016236121013168-mmc2.xlsx
4-octanol,CCCCC(CCC)O,818.6,1-s2.0-S0016236121013168-mmc2.xlsx
4-octyne,CCCC#CCCC,750.9,1-s2.0-S0016236121013168-mmc2.xlsx
4-propyl phenol,,1009,1-s2.0-S0016236121013168-mmc2.xlsx
4-propylanisole,CCCC1=CC=C(C=C1)OC,931.2,Chen 2024.xlsx
4-tert-Butyl-2-methylphenol,CC1=C(C=CC(=C1)C(C)(C)C)O,965,1-s2.0-S0016236121013168-mmc2.xlsx
4-tert-butylbenzene,,861.2,1-s2.0-S0016236121013168-mmc2.xlsx
5-HEXEN-2-ONE,CC(=O)CCC=C,833,1-s2.0-S0016236121013168-mmc2.xlsx
5-METHYL-1-HEXANOL,CC(C)CCCCO,819.2,1-s2.0-S0016236121013168-mmc2.xlsx
5-METHYL-2-HEXANONE,CC(C)CCC(=O)C,888,1-s2.0-S0016236121013168-mmc2.xlsx
5-Methyl-1-hexene,CC(C)CCC=C,713.6,Chen 2024.xlsx
5-Methyl-2-hexene,CC=CCC(C)C,702,Chen 2024.xlsx
5-Methylnonane,CCCCC(C)CCCC,732.6,1-s2.0-S0016236121013168-mmc2.xlsx
5-Nonanol,CCCCC(CCCC)O,822,1-s2.0-S0016236121013168-mmc2.xlsx
5-methyl-2-hexanol,CC(C)CCC(C)O,814,1-s2.0-S0016236121013168-mmc2.xlsx
5-nonanone,CCCCC(=O)CCCC,821.7,1-s2.0-S0016236121013168-mmc2.xlsx
6-Methyl-1-heptene,CC(C)CCCC=C,712.5,Chen 2024.xlsx
6-Methyl-2-heptene,CC=CCCC(C)C,725,Chen 2024.xlsx
6-Methyl-3-heptene,CCC=CCC(C)C,725.6,Chen 2024.xlsx
6-undecanone,CCCCCC(=O)CCCCC,830.8,1-s2.0-S0016236121013168-mmc2.xlsx
"9,10-Anthracenedione",C1=CC=C2C(=C1)C(=O)C3=CC=CC=C3C2=O,1438,1-s2.0-S0016236121013168-mmc2.xlsx
"9,10-dihydroanthracene",C1C2=CC=CC=C2CC3=CC=CC=C31,1215,1-s2.0-S0016236121013168-mmc2.xlsx
"9,10-dihydrophenanthrene",C1CC2=CC=CC=C2C3=CC=CC=C31,1075.7,1-s2.0-S0016236121013168-mmc2.xlsx
ACETIC ANHYDRIDE,CC(=O)OC(=O)C,1082,1-s2.0-S0016236121013168-mmc2.xlsx
ACETOPHENONE,CC(=O)C1=CC=CC=C1,1028.1,1-s2.0-S0016236121013168-mmc2.xlsx
ACETYLACETONE,CC(=O)CC(=O)C,972.1,1-s2.0-S0016236121013168-mmc2.xlsx
ACRYLIC ACID,C=CC(=O)O,1051.1,1-s2.0-S0016236121013168-mmc2.xlsx
ADIPIC ACID,C(CCC(=O)O)CC(=O)O,1360,1-s2.0-S0016236121013168-mmc2.xlsx
ALLYL ALCOHOL,C=CCO,854,1-s2.0-S0016236121013168-mmc2.xlsx
ALLYL GLYCIDYL ETHER,C=CCOCC1CO1,969.8,1-s2.0-S0016236121013168-mmc2.xlsx
ALLYL METHACRYLATE,CC(=C)C(=O)OCC=C,933.5,1-s2.0-S0016236121013168-mmc2.xlsx
ANTHRAQUINONE,C1=CC=C2C(=C1)C(=O)C3=CC=CC=C3C2=O,1438,1-s2.0-S0016236121013168-mmc2.xlsx
AZELAIC ACID,C(CCCC(=O)O)CCCC(=O)O,1225,1-s2.0-S0016236121013168-mmc2.xlsx
Acenaphthalene,C1=CC2=C3C(=C1)C=CC3=CC=C2,898.7,1-s2.0-S0016236121013168-mmc2.xlsx
Acetaldehyde,CC=O,783.4,1-s2.0-S0016236121013168-mmc2.xlsx
Acetic Acid,CC(=O)O,1044.6,1-s2.0-S0016236121013168-mmc2.xlsx
Acetylene,C#C,377,1-s2.0-S0016236121013168-mmc2.xlsx
Acrolein,C=CC=O,840,1-s2.0-S0016236121013168-mmc2.xlsx
Allyl acetate,CC(=O)OCC=C,927.5,1-s2.0-S0016236121013168-mmc2.xlsx
Allyl hexanoate,CCCCCC(=O)OCC=C,886.9,1-s2.0-S0016236121013168-mmc2.xlsx
BENZALDEHYDE,C1=CC=C(C=C1)C=O,1040.1,1-s2.0-S0016236121013168-mmc2.xlsx
"BENZENE, (1-METHYL-1-PROPENYL)-, (Z)",,919.1,1-s2.0-S0016236121013168-mmc2.xlsx
"BENZENE, (1-METHYL-1-PROPENYL)-,(E)-",,913.8,1-s2.0-S0016236121013168-mmc2.xlsx
"BENZENE, 1-ETHENYL-4-(1-METHYLETHENYL)-",,930,1-s2.0-S0016236121013168-mmc2.xlsx
"BENZENE, 1-ETHYL-2,3-DIMETHYL-",CCC1=CC=CC(=C1C)C,888.1,1-s2.0-S0016236121013168-mmc2.xlsx
BENZOIC ACID,C1=CC=C(C=C1)C(=O)O,1265.9,1-s2.0-S0016236121013168-mmc2.xlsx
BENZOPHENONE,C1=CC=C(C=C1)C(=O)C2=CC=CC=C2,1111,1-s2.0-S0016236121013168-mmc2.xlsx
BENZYL ACETATE,CC(=O)OCC1=CC=CC=C1,1055,1-s2.0-S0016236121013168-mmc2.xlsx
BENZYL ALCOHOL,C1=CC=C(C=C1)CO,1041.9,1-s2.0-S0016236121013168-mmc2.xlsx
BENZYL BENZOATE,C1=CC=C(C=C1)COC(=O)C2=CC=CC=C2,1112.1,1-s2.0-S0016236121013168-mmc2.xlsx
BENZYL ETHYL ETHER,CCOCC1=CC=CC=C1,947.8,1-s2.0-S0016236121013168-mmc2.xlsx
BENZYL FORMATE,C1=CC=C(C=C1)COC=O,1081,1-s2.0-S0016236121013168-mmc2.xlsx
BUTYL VINYL ETHER,CCCCOC=C,788.8,1-s2.0-S0016236121013168-mmc2.xlsx
BUTYRIC ANHYDRIDE,CCCC(=O)OC(=O)CCC,966.8,1-s2.0-S0016236121013168-mmc2.xlsx
Benzaldehyde,C1=CC=C(C=C1)C=O,1043.4,Chen 2024.xlsx
"Benzene, 1-ethenyl-2-methyl-",CC1=CC=CC=C1C=C,907.7,1-s2.0-S0016236121013168-mmc2.xlsx
"Benzene, 1-ethenyl-3-ethyl",,894.5,1-s2.0-S0016236121013168-mmc2.xlsx
"Benzene, 1-ethenyl-3-methyl",,907.6,1-s2.0-S0016236121013168-mmc2.xlsx
"Benzene, 1-ethenyl-4-ethyl",,888.4,1-s2.0-S0016236121013168-mmc2.xlsx
"Benzene, 1-ethenyl-4-methyl",,917.3,1-s2.0-S0016236121013168-mmc2.xlsx
Benzeneacetaldehyde,C1=CC=C(C=C1)CC=O,1027.2,1-s2.0-S0016236121013168-mmc2.xlsx
"Benzeneacetaldehyde, ?-methyl-",,1008.9,1-s2.0-S0016236121013168-mmc2.xlsx
Benzeneethanol,C1=CC=C(C=C1)CCO,1016,Chen 2024.xlsx
Benzyl alcohol,C1=CC=C(C=C1)CO,1042,Chen 2024.xlsx
Benzyl methyl ether,COCC1=CC=CC=C1,963.4,1-s2.0-S0016236121013168-mmc2.xlsx
Benzyl salicylate,C1=CC=C(C=C1)COC(=O)C2=CC=CC=C2O,1179.9,1-s2.0-S0016236121013168-mmc2.xlsx
Bis(2-ethylhexyl) azelate,CCCCC(CC)COC(=O)CCCCCCCC(=O)OCC(CC)CCCC,915,1-s2.0-S0016236121013168-mmc2.xlsx
Bis(2-ethylhexyl) phthalate,CCCCC(CC)COC(=O)C1=CC=CC=C1C(=O)OCC(CC)CCCC,981,1-s2.0-S0016236121013168-mmc2.xlsx
Butanal,CCCC=O,817,Chen 2024.xlsx
Butane,CCCC,573,Chen 2024.xlsx
"Butanoic acid, 3-methyl",,931,1-s2.0-S0016236121013168-mmc2.xlsx
Butenone,CC(=O)C=C,842,Chen 2024.xlsx
Butyl acetoacetate,CCCCOC(=O)CC(=O)C,967.1,1-s2.0-S0016236121013168-mmc2.xlsx
Butyl oleate,CCCCCCCCC=CCCCCCCCC(=O)OCCCC,870.4,1-s2.0-S0016236121013168-mmc2.xlsx
Butyl phenyl ether,CCCCOC1=CC=CC=C1,935.1,1-s2.0-S0016236121013168-mmc2.xlsx
Butyl propanoate,CCCCOC(=O)CC,882,Chen 2024.xlsx
CITRIC ACID,C(C(=O)O)C(CC(=O)O)(C(=O)O)O,1665,1-s2.0-S0016236121013168-mmc2.xlsx
CUMENE HYDROPEROXIDE,CC(C)(C1=CC=CC=C1)OO,1030,1-s2.0-S0016236121013168-mmc2.xlsx
"CYCLOHEXENE, 1-METHYL-4-(1-METHYLETHYLIDENE)-",CC1=CCC(=C(C)C)CC1,863.2,1-s2.0-S0016236121013168-mmc2.xlsx
CYCLOHEXYL ACETATE,CC(=O)OC1CCCCC1,968,1-s2.0-S0016236121013168-mmc2.xlsx
CYCLOHEXYL FORMATE,C1CCC(CC1)OC=O,1005.7,1-s2.0-S0016236121013168-mmc2.xlsx
CYCLOPENTYLACETIC ACID,C1CCC(C1)CC(=O)O,1021.6,1-s2.0-S0016236121013168-mmc2.xlsx
CYCLOPROPANE CARBOXYLIC ACID,C1CC1C(=O)O,1088.5,1-s2.0-S0016236121013168-mmc2.xlsx
Chrysene,C1=CC=C2C(=C1)C=CC3=C2C=CC4=CC=CC=C43,1274,1-s2.0-S0016236121013168-mmc2.xlsx
Cyclobutane,C1CCC1,703,Chen 2024.xlsx
Cyclodecane,C1CCCCCCCCC1,853.8,1-s2.0-S0016236121013168-mmc2.xlsx
"Cyclohexane, decyl",CCCCCCCCCCC1CCCCC1,818.6,1-s2.0-S0016236121013168-mmc2.xlsx
"Cyclohexane, octadecyl",,830,1-s2.0-S0016236121013168-mmc2.xlsx
Cyclohexanone,C1CCC(=O)CC1,945.5,Chen 2024.xlsx
Cyclononane,C1CCCCCCCC1,846.3,1-s2.0-S0016236121013168-mmc2.xlsx
Cyclopentadiene,C1C=CC=C1,802.1,1-s2.0-S0016236121013168-mmc2.xlsx
Cyclopentanol,C1CCC(C1)O,948.8,Chen 2024.xlsx
Cyclopentanone,C1CCC(=O)C1,948.7,Chen 2024.xlsx
Cyclopropane,C1CC1,790,Chen 2024.xlsx
"Cyclopropanecarboxylic acid, methyl ester",COC(=O)C1CC1,984.8,1-s2.0-S0016236121013168-mmc2.xlsx
Cyclopropyl methyl ketone,CC(=O)C1CC1,893.8,Chen 2024.xlsx
DI(2-ETHYLHEXYL)ADIPATE,CCCCC(CC)COC(=O)CCCCC(=O)OCC(CC)CCCC,922,1-s2.0-S0016236121013168-mmc2.xlsx
DI-n-DECYL PHTHALATE,CCCCCCCCCCOC(=O)C1=CC=CC=C1C(=O)OCCCCCCCCCC,963.9,1-s2.0-S0016236121013168-mmc2.xlsx
DI-n-HEXYL ETHER,CCCCCCOCCCCCC,793.6,1-s2.0-S0016236121013168-mmc2.xlsx
DI-n-OCTYL ETHER,CCCCCCCCOCCCCCCCC,806.3,1-s2.0-S0016236121013168-mmc2.xlsx
DI-n-OCTYL TEREPHTHALATE,CCCCCCCCOC(=O)C1=CC=C(C=C1)C(=O)OCCCCCCCC,1210,1-s2.0-S0016236121013168-mmc2.xlsx
DI-n-PENTYL ETHER,CCCCCOCCCCC,783.3,1-s2.0-S0016236121013168-mmc2.xlsx
DI-n-PROPYL PHTHALATE,CCCOC(=O)C1=CC=CC=C1C(=O)OCCC,1076.7,1-s2.0-S0016236121013168-mmc2.xlsx
DI-tert-BUTYL ETHER,CC(C)(C)OC(C)(C)C,765.8,1-s2.0-S0016236121013168-mmc2.xlsx
DIALLYL MALEATE,C=CCOC(=O)C=CC(=O)OCC=C,1075,1-s2.0-S0016236121013168-mmc2.xlsx
DIBUTYL SEBACATE,CCCCOC(=O)CCCCCCCCC(=O)OCCCC,940.5,1-s2.0-S0016236121013168-mmc2.xlsx
DIETHYL MALEATE,CCOC(=O)C=CC(=O)OCC,1066.2,1-s2.0-S0016236121013168-mmc2.xlsx
DIETHYL MALONATE,CCOC(=O)CC(=O)OCC,1055.1,1-s2.0-S0016236121013168-mmc2.xlsx
DIETHYL PHTHALATE,CCOC(=O)C1=CC=CC=C1C(=O)OCC,1232,1-s2.0-S0016236121013168-mmc2.xlsx
DIETHYLENE GLYCOL,C(COCCO)O,1119.7,1-s2.0-S0016236121013168-mmc2.xlsx
DIETHYLENE GLYCOL DI-n-BUTYL ETHER,CCCCOCCOCCOCCCC,793.6,1-s2.0-S0016236121013168-mmc2.xlsx
DIETHYLENE GLYCOL ETHYL ETHER ACETATE,CCOCCOCCOC(=O)C,1009.6,1-s2.0-S0016236121013168-mmc2.xlsx
DIETHYLENE GLYCOL MONOBUTYL ETHER ACETATE,CCCCOCCOCCOC(=O)C,985,1-s2.0-S0016236121013168-mmc2.xlsx
DIHEXYL ADIPATE,CCCCCCOC(=O)CCCCC(=O)OCCCCCC,941,1-s2.0-S0016236121013168-mmc2.xlsx
DIISOBUTYL PHTHALATE,CC(C)COC(=O)C1=CC=CC=C1C(=O)OCC(C)C,1049,1-s2.0-S0016236121013168-mmc2.xlsx
DIISODECYL PHTHALATE,CC(C)CCCCCCCOC(=O)C1=CC=CC=C1C(=O)OCCCCCCCC(C)C,966,1-s2.0-S0016236121013168-mmc2.xlsx
DIKETENE,C=C1CC(=O)O1,1087.7,1-s2.0-S0016236121013168-mmc2.xlsx
DIMETHYL ISOPHTHALATE,COC(=O)C1=CC(=CC=C1)C(=O)OC,1194,1-s2.0-S0016236121013168-mmc2.xlsx
DIMETHYL MALEATE,COC(=O)C=CC(=O)OC,1160.6,1-s2.0-S0016236121013168-mmc2.xlsx
DIMETHYL SUCCINATE,COC(=O)CCC(=O)OC,1119.8,1-s2.0-S0016236121013168-mmc2.xlsx
DIMETHYL TEREPHTHALATE,COC(=O)C1=CC=C(C=C1)C(=O)OC,1075,1-s2.0-S0016236121013168-mmc2.xlsx
DINONYL ETHER,CCCCCCCCCOCCCCCCCCC,810,1-s2.0-S0016236121013168-mmc2.xlsx
DIPROPYL MALEATE,CCCOC(=O)C=CC(=O)OCCC,1024.5,1-s2.0-S0016236121013168-mmc2.xlsx
DIPROPYLENE GLYCOL MONOMETHYL ETHER,CC(COC(C)COC)O,950,1-s2.0-S0016236121013168-mmc2.xlsx
DIVINYL ETHER,C=COC=C,773,1-s2.0-S0016236121013168-mmc2.xlsx
DODECANAL,CCCCCCCCCCCC=O,835.2,1-s2.0-S0016236121013168-mmc2.xlsx
"Decanedioic acid, dimethyl ester",COC(=O)CCCCCCCCC(=O)OC,988.2,1-s2.0-S0016236121013168-mmc2.xlsx
Decyl acetate,CCCCCCCCCCOC(=O)C,867.1,1-s2.0-S0016236121013168-mmc2.xlsx
Decyl decanoate,CCCCCCCCCCOC(=O)CCCCCCCCC,858.6,1-s2.0-S0016236121013168-mmc2.xlsx
Decylcyclopentane,CCCCCCCCCCC1CCCC1,811,1-s2.0-S0016236121013168-mmc2.xlsx
Diallyl ether,C=CCOCC=C,826,1-s2.0-S0016236121013168-mmc2.xlsx
Dibenzofuran,C1=CC=C2C(=C1)C3=CC=CC=C3O2,1088.6,1-s2.0-S0016236121013168-mmc2.xlsx
Dibutoxymethane,CCCCOCOCCCC,833.9,1-s2.0-S0016236121013168-mmc2.xlsx
Dibutyl Adipate,CCCCOC(=O)CCCCC(=O)OCCCC,961.3,1-s2.0-S0016236121013168-mmc2.xlsx
Dibutyl Malonate,CCCCOC(=O)CC(=O)OCCCC,982.4,1-s2.0-S0016236121013168-mmc2.xlsx
Dibutyl Phthalate,CCCCOC(=O)C1=CC=CC=C1C(=O)OCCCC,1046.5,1-s2.0-S0016236121013168-mmc2.xlsx
Dibutyl fumarate,CCCCOC(=O)C=CC(=O)OCCCC,977.5,1-s2.0-S0016236121013168-mmc2.xlsx
Dibutyl oxalate,CCCCOC(=O)C(=O)OCCCC,987.3,1-s2.0-S0016236121013168-mmc2.xlsx
Dibutyl succinate,CCCCOC(=O)CCC(=O)OCCCC,975.2,1-s2.0-S0016236121013168-mmc2.xlsx
Diethyl Adipate,CCOC(=O)CCCCC(=O)OCC,1007.6,1-s2.0-S0016236121013168-mmc2.xlsx
Diethyl Azelate,CCOC(=O)CCCCCCCC(=O)OCC,972.9,1-s2.0-S0016236121013168-mmc2.xlsx
Diethyl fumarate,CCOC(=O)C=CC(=O)OCC,1045.2,1-s2.0-S0016236121013168-mmc2.xlsx
Diethyl oxalate,CCOC(=O)C(=O)OCC,1078.5,1-s2.0-S0016236121013168-mmc2.xlsx
Diethyl pyrocarbonate,CCOC(=O)OC(=O)OCC,1120,1-s2.0-S0016236121013168-mmc2.xlsx
Diethyl sebacate,CCOC(=O)CCCCCCCCC(=O)OCC,964.6,1-s2.0-S0016236121013168-mmc2.xlsx
Diethyl succinate,CCOC(=O)CCC(=O)OCC,1040.2,1-s2.0-S0016236121013168-mmc2.xlsx
Diethyl terephthalate,CCOC(=O)C1=CC=C(C=C1)C(=O)OCC,1098.9,1-s2.0-S0016236121013168-mmc2.xlsx
Diethylene glycol diacetate,CC(=O)OCCOCCOC(=O)C,1106.8,1-s2.0-S0016236121013168-mmc2.xlsx
Diethylene glycol diethyl ether,CCOCCOCCOCC,906.3,1-s2.0-S0016236121013168-mmc2.xlsx
Diethylene glycol monoethyl ether,CCOCCOCCO,988.5,1-s2.0-S0016236121013168-mmc2.xlsx
Diisobutylene,CC(=C)CC(C)(C)C,715.1,Chen 2024.xlsx
Dimethoxane,CC1CC(OC(O1)C)OC(=O)C,1065.5,1-s2.0-S0016236121013168-mmc2.xlsx
Dimethyl Azelate,COC(=O)CCCCCCCC(=O)OC,1008.2,1-s2.0-S0016236121013168-mmc2.xlsx
Dimethyl adipate,COC(=O)CCCCC(=O)OC,1060,1-s2.0-S0016236121013168-mmc2.xlsx
Dimethyl ether,COC,947.7,Chen 2024.xlsx
Dimethyl malonate,COC(=O)CC(=O)OC,1528,1-s2.0-S0016236121013168-mmc2.xlsx
Dimethyl phthalate,COC(=O)C1=CC=CC=C1C(=O)OC,1190.5,1-s2.0-S0016236121013168-mmc2.xlsx
Dioctyl adipate,CCCCCCCCOC(=O)CCCCC(=O)OCCCCCCCC,922,1-s2.0-S0016236121013168-mmc2.xlsx
Dodecyl acetate,CCCCCCCCCCCCOC(=O)C,865.2,1-s2.0-S0016236121013168-mmc2.xlsx
Dodecylcyclohexane,CCCCCCCCCCCCC1CCCCC1,822.3,1-s2.0-S0016236121013168-mmc2.xlsx
Dotriacontane,CCCCCCCCCCCCCCCCCCCCCCCCCCCCCCCC,812.4,1-s2.0-S0016236121013168-mmc2.xlsx
"ETHANONE, 1-(2-HYDROXYPHENYL)-",CC(=O)C1=CC=CC=C1O,1130.7,1-s2.0-S0016236121013168-mmc2.xlsx
"ETHANONE, 1-(4-HYDROXYPHENYL)-",CC(=O)C1=CC=C(C=C1)O,1109,1-s2.0-S0016236121013168-mmc2.xlsx
ETHYL BENZOATE,CCOC(=O)C1=CC=CC=C1,1041.5,1-s2.0-S0016236121013168-mmc2.xlsx
ETHYL HEXYL ETHER,CCCCCCOCC,772.2,1-s2.0-S0016236121013168-mmc2.xlsx
ETHYL ISOAMYL KETONE,CCC(=O)CCC(C)C,830.4,1-s2.0-S0016236121013168-mmc2.xlsx
ETHYL ISOPROPYL ETHER,CCOC(C)C,720,1-s2.0-S0016236121013168-mmc2.xlsx
ETHYL PROPYL ETHER,CCCOCC,738.6,1-s2.0-S0016236121013168-mmc2.xlsx
ETHYL VINYL ETHER,CCOC=C,758.9,1-s2.0-S0016236121013168-mmc2.xlsx
ETHYL tert-PENTYL ETHER,CCC(C)(C)OCC,760.6,1-s2.0-S0016236121013168-mmc2.xlsx
ETHYL-3-ETHOXYPROPIONATE,CCOCCC(=O)OCC,949,1-s2.0-S0016236121013168-mmc2.xlsx
ETHYLENE CARBONATE,C1COC(=O)O1,1321.4,1-s2.0-S0016236121013168-mmc2.xlsx
ETHYLENE GLYCOL DIACETATE,CC(=O)OCCOC(=O)C,1104.3,1-s2.0-S0016236121013168-mmc2.xlsx
ETHYLENE GLYCOL MONOPROPYL ETHER,CCCOCCO,911.2,1-s2.0-S0016236121013168-mmc2.xlsx
ETHYLIDENE DIACETATE,CC(OC(=O)C)OC(=O)C,1070,1-s2.0-S0016236121013168-mmc2.xlsx
Ethane,CC,499.1,Chen 2024.xlsx
"Ethane, 1-ethoxy-2-methoxy",,846,1-s2.0-S0016236121013168-mmc2.xlsx
"Ethanedioic acid, dimethyl ester",COC(=O)C(=O)OC,1171.6,1-s2.0-S0016236121013168-mmc2.xlsx
"Ethanone, 1-cyclopropyl",,898.4,1-s2.0-S0016236121013168-mmc2.xlsx
Ethene,C=C,482,Chen 2024.xlsx
Ethoxyacetylene,CCOC#C,800,1-s2.0-S0016236121013168-mmc2.xlsx
Ethyl Formate,CCOC=O,917,Chen 2024.xlsx
Ethyl Laurate,CCCCCCCCCCCC(=O)OCC,861.8,1-s2.0-S0016236121013168-mmc2.xlsx
Ethyl benzoylacetate,CCOC(=O)CC(=O)C1=CC=CC=C1,1120.2,1-s2.0-S0016236121013168-mmc2.xlsx
Ethyl butanoate,CCCC(=O)OCC,866,Chen 2024.xlsx
Ethyl linolenate,CCC=CCC=CCC=CCCCCCCCC(=O)OCC,891.9,1-s2.0-S0016236121013168-mmc2.xlsx
Ethyl methyl ether,CCOC,711,Chen 2024.xlsx
Ethyl phenylacetate,CCOC(=O)CC1=CC=CC=C1,1033.3,1-s2.0-S0016236121013168-mmc2.xlsx
Ethylacetylene (1-butyne),,678.3,1-s2.0-S0016236121013168-mmc2.xlsx
Ethylcyclobutane,CCC1CCC1,728.4,1-s2.0-S0016236121013168-mmc2.xlsx
Ethylcycloheptane,CCC1CCCCCC1,814.8,Chen 2024.xlsx
Ethylcyclopropane,CCC1CC1,679,1-s2.0-S0016236121013168-mmc2.xlsx
FUMARIC ACID,C(=CC(=O)O)C(=O)O,1635,1-s2.0-S0016236121013168-mmc2.xlsx
Formaldehyde,C=O,815,1-s2.0-S0016236121013168-mmc2.xlsx
Formic Acid,C(=O)O,1220,1-s2.0-S0016236121013168-mmc2.xlsx
GLUTARIC ACID,C(CC(=O)O)CC(=O)O,1429,1-s2.0-S0016236121013168-mmc2.xlsx
GLUTARIC ANHYDRIDE,C1CC(=O)OC(=O)C1,1411,1-s2.0-S0016236121013168-mmc2.xlsx
GLYCEROL,C(C(CO)O)O,1261.3,1-s2.0-S0016236121013168-mmc2.xlsx
GLYCERYL TRIACETATE,CC(=O)OCC(COC(=O)C)OC(=O)C,1158.3,1-s2.0-S0016236121013168-mmc2.xlsx
GLYOXAL,C(=O)C=O,1140,1-s2.0-S0016236121013168-mmc2.xlsx
GUAIACOL,COC1=CC=CC=C1O,1128.7,1-s2.0-S0016236121013168-mmc2.xlsx
HEXADECYL�METHACRYLATE,,870,1-s2.0-S0016236121013168-mmc2.xlsx
HEXAETHYLBENZENE,CCC1=C(C(=C(C(=C1CC)CC)CC)CC)CC,830.5,1-s2.0-S0016236121013168-mmc2.xlsx
HEXYLENE GLYCOL,CC(CC(C)(C)O)O,923,1-s2.0-S0016236121013168-mmc2.xlsx
"Heptanedioic acid, dimethyl ester",COC(=O)CCCCCC(=O)OC,1062.5,1-s2.0-S0016236121013168-mmc2.xlsx
Heptylcyclohexane,CCCCCCCC1CCCCC1,810.9,1-s2.0-S0016236121013168-mmc2.xlsx
Hexanoic acid,CCCCCC(=O)O,921.2,1-s2.0-S0016236121013168-mmc2.xlsx
Hexylcyclopentane,CCCCCCC1CCCC1,796.5,1-s2.0-S0016236121013168-mmc2.xlsx
ISOBUTYL ACRYLATE,CC(C)COC(=O)C=C,889.6,1-s2.0-S0016236121013168-mmc2.xlsx
ISOBUTYL ISOBUTYRATE,CC(C)COC(=O)C(C)C,854.2,1-s2.0-S0016236121013168-mmc2.xlsx
ISOBUTYL METHACRYLATE,CC(C)COC(=O)C(=C)C,885.8,1-s2.0-S0016236121013168-mmc2.xlsx
ISOPENTYL ISOVALERATE,CC(C)CCOC(=O)CC(C)C,858.3,1-s2.0-S0016236121013168-mmc2.xlsx
ISOPHORONE,CC1=CC(=O)CC(C1)(C)C,925.5,1-s2.0-S0016236121013168-mmc2.xlsx
ISOPHTHALIC ACID,C1=CC(=CC(=C1)C(=O)O)C(=O)O,1538,1-s2.0-S0016236121013168-mmc2.xlsx
ISOPROPYL BUTYL ETHER,,759.4,1-s2.0-S0016236121013168-mmc2.xlsx
ISOPROPYL MYRISTATE,CCCCCCCCCCCCCC(=O)OC(C)C,853.2,1-s2.0-S0016236121013168-mmc2.xlsx
ITACONIC ACID,C=C(CC(=O)O)C(=O)O,1632,1-s2.0-S0016236121013168-mmc2.xlsx
"Indan, 1-methyl",,938,1-s2.0-S0016236121013168-mmc2.xlsx
Indane,C1CC2=CC=CC=C2C1,946,Chen 2024.xlsx
Isobutyl butanoate,CCCC(=O)OCC(C)C,836.4,1-s2.0-S0016236121013168-mmc2.xlsx
Isobutyl vinyl ether,CC(C)COC=C,764.5,1-s2.0-S0016236121013168-mmc2.xlsx
Isopentyl butanoate,CCCC(=O)OCCC(C)C,865,1-s2.0-S0016236121013168-mmc2.xlsx
Isopropenylbenzene,CC(=C)C1=CC=CC=C1,909.5,Chen 2024.xlsx
Isopropyl benzoate,CC(C)OC(=O)C1=CC=CC=C1,1016.3,1-s2.0-S0016236121013168-mmc2.xlsx
Isopropylcyclopentane,CC(C)C1CCCC1,776.56,Chen 2024.xlsx
LEVULINIC ACID,CC(=O)CCC(=O)O,1133.5,1-s2.0-S0016236121013168-mmc2.xlsx
Linoleic acid,CCCCCC=CCC=CCCCCCCCC(=O)O,902.2,1-s2.0-S0016236121013168-mmc2.xlsx
Linolenic Acid,CCC=CCC=CCC=CCCCCCCCC(=O)O,916.4,1-s2.0-S0016236121013168-mmc2.xlsx
MALEIC ACID,C(=CC(=O)O)C(=O)O,1590,1-s2.0-S0016236121013168-mmc2.xlsx
MALONIC ACID,C(C(=O)O)C(=O)O,1619,1-s2.0-S0016236121013168-mmc2.xlsx
MESITYL OXIDE,CC(=CC(=O)C)C,865.3,1-s2.0-S0016236121013168-mmc2.xlsx
METHACRYLIC ACID,CC(=C)C(=O)O,1015.3,1-s2.0-S0016236121013168-mmc2.xlsx
METHOXYACETIC ACID,COCC(=O)O,1176.8,1-s2.0-S0016236121013168-mmc2.xlsx
METHOXYACETONE,CC(=O)COC,957,1-s2.0-S0016236121013168-mmc2.xlsx
METHYL ACETOACETATE,CC(=O)CC(=O)OC,1076.2,1-s2.0-S0016236121013168-mmc2.xlsx
METHYL BENZOATE,COC(=O)C1=CC=CC=C1,1083.7,1-s2.0-S0016236121013168-mmc2.xlsx
METHYL GLYCOLATE,COC(=O)CO,1167.7,1-s2.0-S0016236121013168-mmc2.xlsx
METHYL ISOBUTYL ETHER,CC(C)COC,731.1,1-s2.0-S0016236121013168-mmc2.xlsx
METHYL ISOPROPENYL KETONE,CC(=C)C(=O)C,852.7,1-s2.0-S0016236121013168-mmc2.xlsx
METHYL ISOPROPYL ETHER,CC(C)OC,723.7,1-s2.0-S0016236121013168-mmc2.xlsx
METHYL MALEIC ANHYDRIDE,,1246.9,1-s2.0-S0016236121013168-mmc2.xlsx
METHYL SALICYLATE,COC(=O)C1=CC=CC=C1O,1181,1-s2.0-S0016236121013168-mmc2.xlsx
METHYL VINYL ETHER,COC=C,772.5,1-s2.0-S0016236121013168-mmc2.xlsx
METHYL n-PENTYL ETHER,CCCCCOC,759,1-s2.0-S0016236121013168-mmc2.xlsx
MONOOLEIN,CCCCCCCCC=CCCCCCCCC(=O)OCC(CO)O,942,1-s2.0-S0016236121013168-mmc2.xlsx
MYO-INOSITOL,C1(C(C(C(C(C1O)O)O)O)O)O,1752,1-s2.0-S0016236121013168-mmc2.xlsx
Methacrolein,CC(=C)C=O,845,Chen 2024.xlsx
Methane,C,717.46,Chen 2024.xlsx
"Methanone, dicyclopropyl",,977,1-s2.0-S0016236121013168-mmc2.xlsx
Methyl 2-phenylacetate,COC(=O)CC1=CC=CC=C1,1062.2,1-s2.0-S0016236121013168-mmc2.xlsx
Methyl Ethyl Ether,CCOC,725.1,1-s2.0-S0016236121013168-mmc2.xlsx
Methyl Formate,COC=O,1185,Chen 2024.xlsx
Methyl butanoate,CCCC(=O)OC,898,Chen 2024.xlsx
Methyl formate,COC=O,971.3,1-s2.0-S0016236121013168-mmc2.xlsx
Methyl hexanoate,CCCCCC(=O)OC,879,Chen 2024.xlsx
Methyl pentanoate,CCCCC(=O)OC,885,Chen 2024.xlsx
Methyl propanoate,CCC(=O)OC,913,Chen 2024.xlsx
Methyl propyl ether,CCCOC,727,Chen 2024.xlsx
Methylacetylene (Propyne),,607,1-s2.0-S0016236121013168-mmc2.xlsx
Methylcyclobutane,CC1CCC1,688.4,1-s2.0-S0016236121013168-mmc2.xlsx
Methylcyclopropane,CC1CC1,691.2,1-s2.0-S0016236121013168-mmc2.xlsx
N-Pentadecylcyclohexane,CCCCCCCCCCCCCCCC1CCCCC1,826.7,1-s2.0-S0016236121013168-mmc2.xlsx
N-propylcyclopentane,CCCC1CCCC1,775.25,Chen 2024.xlsx
NEOHEXANOIC ACID,CCC(C)(C)C(=O)O,927.6,1-s2.0-S0016236121013168-mmc2.xlsx
"Naphthalene, 1-butyl",,973.8,1-s2.0-S0016236121013168-mmc2.xlsx
"Naphthalene, 1-hexyl",,956.6,1-s2.0-S0016236121013168-mmc2.xlsx
"Naphthalene, 1-pentyl",,965.6,1-s2.0-S0016236121013168-mmc2.xlsx
"Naphthalene, 1-propyl",,989.7,1-s2.0-S0016236121013168-mmc2.xlsx
"Naphthalene, 2-butyl",CCCCC1=CC2=CC=CC=C2C=C1,967.3,1-s2.0-S0016236121013168-mmc2.xlsx
OXALIC ACID,C(=O)(C(=O)O)O,1900,1-s2.0-S0016236121013168-mmc2.xlsx
Octadecanoic Acid,CCCCCCCCCCCCCCCCCC(=O)O,940.8,1-s2.0-S0016236121013168-mmc2.xlsx
Octadecyl acetate,CCCCCCCCCCCCCCCCCCOC(=O)C,851,1-s2.0-S0016236121013168-mmc2.xlsx
"Octanedioic acid, dimethyl ester",COC(=O)CCCCCCC(=O)OC,1021.7,1-s2.0-S0016236121013168-mmc2.xlsx
Oleic acid,CCCCCCCCC=CCCCCCCCC(=O)O,893.5,1-s2.0-S0016236121013168-mmc2.xlsx
"Oxetane, 3,3-dimethyl",,834,1-s2.0-S0016236121013168-mmc2.xlsx
PARALDEHYDE,CC1OC(OC(O1)C)C,994.3,1-s2.0-S0016236121013168-mmc2.xlsx
PENTAETHYLBENZENE,CCC1=CC(=C(C(=C1CC)CC)CC)CC,897.1,1-s2.0-S0016236121013168-mmc2.xlsx
PIMELIC ACID,C(CCC(=O)O)CCC(=O)O,1329,1-s2.0-S0016236121013168-mmc2.xlsx
PROPARGYL ALCOHOL,C#CCO,947.8,1-s2.0-S0016236121013168-mmc2.xlsx
PROPIONIC ANHYDRIDE,CCC(=O)OC(=O)CC,1011,1-s2.0-S0016236121013168-mmc2.xlsx
PROPYLENE CARBONATE,CC1COC(=O)O1,1204.7,1-s2.0-S0016236121013168-mmc2.xlsx
PYRUVIC ACID,CC(=O)C(=O)O,1227.2,1-s2.0-S0016236121013168-mmc2.xlsx
"Pentane, 1-ethoxy",,762.2,1-s2.0-S0016236121013168-mmc2.xlsx
"Pentanedioic acid, dimethyl ester",COC(=O)CCCC(=O)OC,1087.6,1-s2.0-S0016236121013168-mmc2.xlsx
Pentanoic acid,CCCCC(=O)O,933.9,1-s2.0-S0016236121013168-mmc2.xlsx
Pentyl butanoate,CCCCCOC(=O)CCC,871.3,1-s2.0-S0016236121013168-mmc2.xlsx
Pentyl propanoate,CCCCCOC(=O)CC,876.1,1-s2.0-S0016236121013168-mmc2.xlsx
Pentyl salicylate,CCCCCOC(=O)C1=CC=CC=C1O,1064,1-s2.0-S0016236121013168-mmc2.xlsx
Pentylcyclopentane,CCCCCC1CCCC1,791.2,1-s2.0-S0016236121013168-mmc2.xlsx
Phenol,C1=CC=C(C=C1)O,1054.5,1-s2.0-S0016236121013168-mmc2.xlsx
Phenyl acetate,CC(=O)OC1=CC=CC=C1,1078,1-s2.0-S0016236121013168-mmc2.xlsx
Phenyloxirane,C1C(O1)C2=CC=CC=C2,1049,1-s2.0-S0016236121013168-mmc2.xlsx
Phorone,CC(=CC(=O)C=C(C)C)C,885,1-s2.0-S0016236121013168-mmc2.xlsx
Prenol,CC(=CCO)C,868,Chen 2024.xlsx
Propadiene,C=C=C,584,1-s2.0-S0016236121013168-mmc2.xlsx
Propanal,CCC=O,805.8,Chen 2024.xlsx
Propane,CCC,493,Chen 2024.xlsx
"Propanoic acid, 2,2-dimethyl-, ethyl ester",CCOC(=O)C(C)(C)C,856,1-s2.0-S0016236121013168-mmc2.xlsx
Propene,CC=C,575,Chen 2024.xlsx
Propionic Acid,CCC(=O)O,988.2,1-s2.0-S0016236121013168-mmc2.xlsx
QUINONE,C1=CC(=O)C=CC1=O,1318,1-s2.0-S0016236121013168-mmc2.xlsx
SALICYLALDEHYDE,C1=CC=C(C(=C1)C=O)O,1167.4,1-s2.0-S0016236121013168-mmc2.xlsx
SALICYLIC ACID,C1=CC=C(C(=C1)C(=O)O)O,1443,1-s2.0-S0016236121013168-mmc2.xlsx
SEBACIC ACID,C(CCCCC(=O)O)CCCC(=O)O,1270.5,1-s2.0-S0016236121013168-mmc2.xlsx
SORBITOL,C(C(C(C(C(CO)O)O)O)O)O,1489,1-s2.0-S0016236121013168-mmc2.xlsx
SUCCINIC ACID,C(CC(=O)O)C(=O)O,1572,1-s2.0-S0016236121013168-mmc2.xlsx
SUCCINIC ANHYDRIDE,C1CC(=O)OC1=O,1200,1-s2.0-S0016236121013168-mmc2.xlsx
Sec-Butylcyclohexane,CCC(C)C1CCCCC1,813.1,1-s2.0-S0016236121013168-mmc2.xlsx
TEREPHTHALIC ACID,C1=CC(=CC=C1C(=O)O)C(=O)O,1519,1-s2.0-S0016236121013168-mmc2.xlsx
TETRAETHYLENE GLYCOL,C(COCCOCCOCCO)O,1128.5,1-s2.0-S0016236121013168-mmc2.xlsx
TETRAETHYLENE GLYCOL DIMETHYL ETHER,COCCOCCOCCOCCOC,1011.4,1-s2.0-S0016236121013168-mmc2.xlsx
TETRAPHENYLETHYLENE,C1=CC=C(C=C1)C(=C(C2=CC=CC=C2)C3=CC=CC=C3)C4=CC=CC=C4,1155,1-s2.0-S0016236121013168-mmc2.xlsx
THYMOL,CC1=CC(=C(C=C1)C(C)C)O,970,1-s2.0-S0016236121013168-mmc2.xlsx
TRIDECANAL,CCCCCCCCCCCCC=O,835.6,1-s2.0-S0016236121013168-mmc2.xlsx
TRIETHYLENE GLYCOL,C(COCCOCCO)O,1127.4,1-s2.0-S0016236121013168-mmc2.xlsx
Tert-Amyl methyl ether,CCC(C)(C)OC,770.3,Chen 2024.xlsx
Trans-4-Octene,CCCC=CCCC,718.4,Chen 2024.xlsx
Tributyrin,CCCC(=O)OCC(COC(=O)CCC)OC(=O)CCC,1035,1-s2.0-S0016236121013168-mmc2.xlsx
Triethylene glycol dimethyl ether,COCCOCCOCCOC,986,1-s2.0-S0016236121013168-mmc2.xlsx
Trimethyl trimellitate,COC(=O)C1=CC(=C(C=C1)C(=O)OC)C(=O)OC,1261,1-s2.0-S0016236121013168-mmc2.xlsx
UNDECANAL,CCCCCCCCCCC=O,825.1,1-s2.0-S0016236121013168-mmc2.xlsx
VANILLIN,COC1=C(C=CC(=C1)C=O)O,1056,1-s2.0-S0016236121013168-mmc2.xlsx
VINYL FORMATE,C=COC=O,965,1-s2.0-S0016236121013168-mmc2.xlsx
Vinyl Acetate,CC(=O)OC=C,925.6,1-s2.0-S0016236121013168-mmc2.xlsx
Vinyl butyrate,CCCC(=O)OC=C,900.6,1-s2.0-S0016236121013168-mmc2.xlsx
Vinyl cyclohexane,C=CC1CCCCC1,816.6,1-s2.0-S0016236121013168-mmc2.xlsx
Vinyloxirane,C=CC1CO1,900.6,1-s2.0-S0016236121013168-mmc2.xlsx
acenaphthene,C1CC2=CC=CC3=C2C1=CC=C3,1222,1-s2.0-S0016236121013168-mmc2.xlsx
alpha-PHELLANDRENE,CC1=CCC(C=C1)C(C)C,841,1-s2.0-S0016236121013168-mmc2.xlsx
alpha-Pinene,CC1=CCC2CC1C2(C)C,853.9,1-s2.0-S0016236121013168-mmc2.xlsx
alpha-TERPINENE,CC1=CC=C(CC1)C(C)C,837.5,1-s2.0-S0016236121013168-mmc2.xlsx
anisole,COC1=CC=CC=C1,994,1-s2.0-S0016236121013168-mmc2.xlsx
anthracene,C1=CC=C2C=C3C=CC=CC3=CC2=C1,1280,1-s2.0-S0016236121013168-mmc2.xlsx
benzene,C1=CC=CC=C1,873.6,Chen 2024.xlsx
beta-PHELLANDRENE,CC(C)C1CCC(=C)C=C1,852,1-s2.0-S0016236121013168-mmc2.xlsx
beta-PROPIOLACTONE,C1COC1=O,1146,1-s2.0-S0016236121013168-mmc2.xlsx
beta-Pinene,CC1(C2CCC(=C)C1C2)C,860,1-s2.0-S0016236121013168-mmc2.xlsx
beta-TERPINEOL,CC(=C)C1CCC(CC1)(C)O,917,1-s2.0-S0016236121013168-mmc2.xlsx
biphenyl,C1=CC=C(C=C1)C2=CC=CC=C2,1040,1-s2.0-S0016236121013168-mmc2.xlsx
butan-2-yl propanoate,CCC(C)OC(=O)CC,863,Chen 2024.xlsx
butan-2-ylbenzene,CCC(C)C1=CC=CC=C1,859.8,Chen 2024.xlsx
butanal,CCCC=O,801.6,1-s2.0-S0016236121013168-mmc2.xlsx
butyl acetate,CCCCOC(=O)C,882.5,1-s2.0-S0016236121013168-mmc2.xlsx
butyl butanoate,CCCCOC(=O)CCC,870,1-s2.0-S0016236121013168-mmc2.xlsx
butyl formate,CCCCOC=O,889,Chen 2024.xlsx
butyl hexanoate,CCCCCC(=O)OCCCC,865.3,1-s2.0-S0016236121013168-mmc2.xlsx
butyl levulinate,CCCCOC(=O)CCC(=O)C,973.5,Chen 2024.xlsx
butyl octanoate,CCCCCCCC(=O)OCCCC,862.8,1-s2.0-S0016236121013168-mmc2.xlsx
butyl propionate,CCCCOC(=O)CC,875.4,1-s2.0-S0016236121013168-mmc2.xlsx
butyl valerate,CCCCC(=O)OCCCC,871,1-s2.0-S0016236121013168-mmc2.xlsx
butyric acid,CCCC(=O)O,952.8,1-s2.0-S0016236121013168-mmc2.xlsx
"cis 1,2-diphenylethylene",,1014.3,1-s2.0-S0016236121013168-mmc2.xlsx
"cis,trans-2,4-HEXADIENE",CC=CC=CC,718.5,1-s2.0-S0016236121013168-mmc2.xlsx
"cis-1,2-Dimethylcyclohexane",CC1CCCCC1C,796.3,1-s2.0-S0016236121013168-mmc2.xlsx
"cis-1,2-Dimethylcyclopentane",CC1CCCC1C,768,1-s2.0-S0016236121013168-mmc2.xlsx
"cis-1,2-Dimethylcyclopropane",CC1CC1C,688.9,1-s2.0-S0016236121013168-mmc2.xlsx
"cis-1,2-Diphenylethene",C1=CC=C(C=C1)C=CC2=CC=CC=C2,1014.3,1-s2.0-S0016236121013168-mmc2.xlsx
"cis-1,3-Dimethylcyclohexane",CC1CCCC(C1)C,766,1-s2.0-S0016236121013168-mmc2.xlsx
"cis-1,3-Dimethylcyclopentane",CC1CCC(C1)C,740.2,1-s2.0-S0016236121013168-mmc2.xlsx
"cis-1,3-Pentadiene",CC=CC=C,691,1-s2.0-S0016236121013168-mmc2.xlsx
"cis-1,4-Dimethylcyclohexane",CC1CCC(CC1)C,782.9,1-s2.0-S0016236121013168-mmc2.xlsx
cis-1-Methyl-2-Ethylcyclopentane,CCC1CCCC1C,785.2,1-s2.0-S0016236121013168-mmc2.xlsx
cis-1-Methyl-3-ethylcyclopentane,,772.4,1-s2.0-S0016236121013168-mmc2.xlsx
"cis-2,2-Dimethyl-3-hexene",CCC=CC(C)(C)C,708.6,1-s2.0-S0016236121013168-mmc2.xlsx
"cis-2-BUTENE-1,4-DIOL",C(C=CCO)O,1069.8,1-s2.0-S0016236121013168-mmc2.xlsx
cis-2-Buten-1-ol,CC=CCO,866.2,1-s2.0-S0016236121013168-mmc2.xlsx
cis-2-Butene,CC=CC,616,1-s2.0-S0016236121013168-mmc2.xlsx
cis-2-Octene,CCCCCC=CC,724.3,1-s2.0-S0016236121013168-mmc2.xlsx
cis-2-heptene,CCCCC=CC,708,1-s2.0-S0016236121013168-mmc2.xlsx
cis-2-hexene,CCCC=CC,681.3,Chen 2024.xlsx
cis-2-methyl-3-hexene,CCC=CC(C)C,690,1-s2.0-S0016236121013168-mmc2.xlsx
cis-2-pentene,CCC=CC,655.6,1-s2.0-S0016236121013168-mmc2.xlsx
"cis-3,4-Dimethyl-2-pentene",CC=C(C)C(C)C,709.2,1-s2.0-S0016236121013168-mmc2.xlsx
cis-3-Heptene,CCCC=CCC,703,1-s2.0-S0016236121013168-mmc2.xlsx
cis-3-Hexen-1-ol,CCC=CCCO,847.8,1-s2.0-S0016236121013168-mmc2.xlsx
cis-3-Hexene,CCC=CCC,677.8,1-s2.0-S0016236121013168-mmc2.xlsx
cis-3-METHYLCYCLOHEXANOL,CC1CCCC(C1)O,915.5,1-s2.0-S0016236121013168-mmc2.xlsx
cis-3-Methyl-2-Pentene,CCC(=CC)C,688.6,1-s2.0-S0016236121013168-mmc2.xlsx
cis-3-Methyl-2-hexene,CCCC(=CC)C,712,1-s2.0-S0016236121013168-mmc2.xlsx
cis-3-Methyl-3-hexene,CCC=C(C)CC,707.9,1-s2.0-S0016236121013168-mmc2.xlsx
cis-3-octene,CCCCC=CCC,724.8,Chen 2024.xlsx
"cis-4,4-Dimethyl-2-pentene",CC=CC(C)(C)C,695.1,1-s2.0-S0016236121013168-mmc2.xlsx
cis-4-METHYLCYCLOHEXANOL,CC1CCC(CC1)O,917,1-s2.0-S0016236121013168-mmc2.xlsx
cis-4-Methyl-2-hexene,CCC(C)C=CC,695.2,1-s2.0-S0016236121013168-mmc2.xlsx
cis-4-Octene,CCCC=CCCC,721.2,1-s2.0-S0016236121013168-mmc2.xlsx
cis-4-methyl-2-pentene,CC=CC(C)C,669,1-s2.0-S0016236121013168-mmc2.xlsx
cis-5-Methyl-2-Hexene,CC=CCC(C)C,697,1-s2.0-S0016236121013168-mmc2.xlsx
cis-CROTONIC ACID,CC=CC(=O)O,1026.7,1-s2.0-S0016236121013168-mmc2.xlsx
cis-Decahydronaphthalene (cis-decalin),,896.5,1-s2.0-S0016236121013168-mmc2.xlsx
cis-Propenylbenzene,CC=CC1=CC=CC=C1,910.7,Chen 2024.xlsx
cis-STILBENE,C1=CC=C(C=C1)C=CC2=CC=CC=C2,1014.3,1-s2.0-S0016236121013168-mmc2.xlsx
cycloheptane,C1CCCCCC1,809.8,Chen 2024.xlsx
cycloheptanone,C1CCCC(=O)CC1,950.8,1-s2.0-S0016236121013168-mmc2.xlsx
cycloheptene,C1CCC=CCC1,826.1,Chen 2024.xlsx
cyclohexane,C1CCCCC1,779,Chen 2024.xlsx
cyclohexanol,C1CCC(CC1)O,962.4,1-s2.0-S0016236121013168-mmc2.xlsx
cyclohexanone,C1CCC(=O)CC1,947.8,1-s2.0-S0016236121013168-mmc2.xlsx
cyclohexene,C1CCC=CC1,803.4,Chen 2024.xlsx
cyclohexylbenzene,C1CCC(CC1)C2=CC=CC=C2,942.7,1-s2.0-S0016236121013168-mmc2.xlsx
cyclooctane,C1CCCCCCC1,831.5,Chen 2024.xlsx
cyclooctene,C1CCCC=CCC1,850,Chen 2024.xlsx
cyclopentane,C1CCCC1,740.45,Chen 2024.xlsx
cyclopentanol,C1CCC(C1)O,948.8,1-s2.0-S0016236121013168-mmc2.xlsx
cyclopentanone,C1CCC(=O)C1,948.7,1-s2.0-S0016236121013168-mmc2.xlsx
cyclopentene,C1CC=CC1,772,Chen 2024.xlsx
cyclopropylbenzene,C1CC1C2=CC=CC=C2,931.7,1-s2.0-S0016236121013168-mmc2.xlsx
d-LIMONENE,CC1=CCC(CC1)C(=C)C,841.1,1-s2.0-S0016236121013168-mmc2.xlsx
decanal,CCCCCCCCCC=O,830,1-s2.0-S0016236121013168-mmc2.xlsx
dibenzyl ether,C1=CC=C(C=C1)COCC2=CC=CC=C2,1042.8,1-s2.0-S0016236121013168-mmc2.xlsx
dibutyl ether,CCCCOCCCC,768.4,Chen 2024.xlsx
diethoxymethane,CCOCOCC,831.9,1-s2.0-S0016236121013168-mmc2.xlsx
diethyl carbonate,CCOC(=O)OCC,969.2,1-s2.0-S0016236121013168-mmc2.xlsx
diethyl ether,CCOCC,704.8,Chen 2024.xlsx
diethylene glycol dimethyl ether,COCCOCCOC,943.4,1-s2.0-S0016236121013168-mmc2.xlsx
diethylene glycol monomethyl ether,COCCOCCO,1035,1-s2.0-S0016236121013168-mmc2.xlsx
diisoamyl ether,CC(C)CCOCCC(C)C,777.7,1-s2.0-S0016236121013168-mmc2.xlsx
diisobutyl ether,CC(C)COCC(C)C,761,1-s2.0-S0016236121013168-mmc2.xlsx
diisopropyl ether,CC(C)OC(C)C,725.8,Chen 2024.xlsx
dimethoxymethane,COCOC,859.3,1-s2.0-S0016236121013168-mmc2.xlsx
dimethoxymethane (PODE1),,859.3,1-s2.0-S0016236121013168-mmc2.xlsx
dimethyl carbonate,COC(=O)OC,1063.6,1-s2.0-S0016236121013168-mmc2.xlsx
dipentyl ether,CCCCCOCCCCC,783.3,1-s2.0-S0016236121013168-mmc2.xlsx
diphenyl ether,C1=CC=C(C=C1)OC2=CC=CC=C2,1066.1,1-s2.0-S0016236121013168-mmc2.xlsx
diphenylacetylene,C1=CC=C(C=C1)C#CC2=CC=CC=C2,965.7,1-s2.0-S0016236121013168-mmc2.xlsx
diphenylmethane,C1=CC=C(C=C1)CC2=CC=CC=C2,1001,1-s2.0-S0016236121013168-mmc2.xlsx
dipropyl carbonate,CCCOC(=O)OCCC,943.5,1-s2.0-S0016236121013168-mmc2.xlsx
dipropyl ether,CCCOCCC,746.6,1-s2.0-S0016236121013168-mmc2.xlsx
epsilon-CAPROLACTONE,C1CCC(=O)OCC1,1076.1,1-s2.0-S0016236121013168-mmc2.xlsx
ethanol,CCO,785.3,Chen 2024.xlsx
ethoxybenzene,CCOC1=CC=CC=C1,967,Chen 2024.xlsx
"ethyl 2,2-dimethylpropanoate",CCOC(=O)C(C)(C)C,855.5,Chen 2024.xlsx
ethyl acetate,CCOC(=O)C,900.3,1-s2.0-S0016236121013168-mmc2.xlsx
ethyl butyrate,CCCC(=O)OCC,873.5,1-s2.0-S0016236121013168-mmc2.xlsx
ethyl decanoate,CCCCCCCCCC(=O)OCC,865,1-s2.0-S0016236121013168-mmc2.xlsx
ethyl formate,CCOC=O,920.8,1-s2.0-S0016236121013168-mmc2.xlsx
ethyl hexanoate,CCCCCC(=O)OCC,873,1-s2.0-S0016236121013168-mmc2.xlsx
ethyl isobutyrate,CCOC(=O)C(C)C,869,Chen 2024.xlsx
ethyl isopentanoate,CCOC(=O)CC(C)C,864,Chen 2024.xlsx
ethyl levulinate,CCOC(=O)CCC(=O)C,1013.46,Chen 2024.xlsx
ethyl linoleate,CCCCCC=CCC=CCCCCCCCC(=O)OCC,886.5,1-s2.0-S0016236121013168-mmc2.xlsx
ethyl myristate,CCCCCCCCCCCCCC(=O)OCC,857.3,1-s2.0-S0016236121013168-mmc2.xlsx
ethyl octanoate,CCCCCCCC(=O)OCC,866,1-s2.0-S0016236121013168-mmc2.xlsx
ethyl palmitate,CCCCCCCCCCCCCCCC(=O)OCC,857.7,1-s2.0-S0016236121013168-mmc2.xlsx
ethyl pentanoate,CCCCC(=O)OCC,877,1-s2.0-S0016236121013168-mmc2.xlsx
ethyl propionate,CCC(=O)OCC,884.3,1-s2.0-S0016236121013168-mmc2.xlsx
ethyl stearate,CCCCCCCCCCCCCCCCCC(=O)OCC,1057,1-s2.0-S0016236121013168-mmc2.xlsx
ethyl valerate,CCCCC(=O)OCC,874,Chen 2024.xlsx
ethyl-2-butenoate,,917.5,1-s2.0-S0016236121013168-mmc2.xlsx
ethyl-2-methyl-2-butenoate,CCOC(=O)C(=CC)C,920,1-s2.0-S0016236121013168-mmc2.xlsx
ethyl-2-methyl-2-propenoate,CCOC(=O)C(=C)C,913.5,1-s2.0-S0016236121013168-mmc2.xlsx
ethyl-2-propenoate,,923.4,1-s2.0-S0016236121013168-mmc2.xlsx
ethyl-3-methyl-2-butenoate,,919.9,1-s2.0-S0016236121013168-mmc2.xlsx
ethylbenzene,CCC1=CC=CC=C1,862.6,Chen 2024.xlsx
ethylcyclohexane,CCC1CCCCC1,787.92,Chen 2024.xlsx
ethylcyclopentane,CCC1CCCC1,767.2,Chen 2024.xlsx
"ethylene glycol vinyl
ether",,982.1,1-s2.0-S0016236121013168-mmc2.xlsx
ethylene glycol vinyl ether,C=COCCO,982.1,1-s2.0-S0016236121013168-mmc2.xlsx
eucalyptol,CC1(C2CCC(O1)(CC2)C)C,926.7,1-s2.0-S0016236121013168-mmc2.xlsx
farnesene,CC(=CCCC(=CCC=C(C)C=C)C)C,841,1-s2.0-S0016236121013168-mmc2.xlsx
fluoranthene,C1=CC=C2C(=C1)C3=CC=CC4=C3C2=CC=C4,1252,1-s2.0-S0016236121013168-mmc2.xlsx
fluorene,C1C2=CC=CC=C2C3=CC=CC=C31,1203,1-s2.0-S0016236121013168-mmc2.xlsx
furan,C1=COC=C1,951.4,1-s2.0-S0016236121013168-mmc2.xlsx
furfural,C1=COC(=C1)C=O,1159.4,1-s2.0-S0016236121013168-mmc2.xlsx
gamma-BUTYROLACTONE,C1CC(=O)OC1,1129.6,1-s2.0-S0016236121013168-mmc2.xlsx
gamma-TERPINENE,CC1=CCC(=CC1)C(C)C,849,1-s2.0-S0016236121013168-mmc2.xlsx
gamma-VALEROLACTONE,CC1CCC(=O)O1,1055.1,1-s2.0-S0016236121013168-mmc2.xlsx
gamma-Valerolactone,CC1CCC(=O)O1,1050,Chen 2024.xlsx
geraniol,CC(=CCCC(=CCO)C)C,889.4,1-s2.0-S0016236121013168-mmc2.xlsx
guaiacol,COC1=CC=CC=C1O,1129.3,Chen 2024.xlsx
heptanal,CCCCCCC=O,813.2,1-s2.0-S0016236121013168-mmc2.xlsx
heptylcyclopentane,CCCCCCCC1CCCC1,801,1-s2.0-S0016236121013168-mmc2.xlsx
hexadecyl acetate,CCCCCCCCCCCCCCCCOC(=O)C,857.4,1-s2.0-S0016236121013168-mmc2.xlsx
hexamethylbenzene,CC1=C(C(=C(C(=C1C)C)C)C)C,1063,1-s2.0-S0016236121013168-mmc2.xlsx
hexanal,CCCCCC=O,833.5,1-s2.0-S0016236121013168-mmc2.xlsx
hexyl acetate,CCCCCCOC(=O)C,877.9,1-s2.0-S0016236121013168-mmc2.xlsx
hexyl butyrate,CCCCCCOC(=O)CCC,865.2,1-s2.0-S0016236121013168-mmc2.xlsx
hexyl hexanoate,CCCCCCOC(=O)CCCCC,865,1-s2.0-S0016236121013168-mmc2.xlsx
indene,C1C=CC2=CC=CC=C21,998,Chen 2024.xlsx
iso-Butylcyclohexane,,795.2,1-s2.0-S0016236121013168-mmc2.xlsx
isoButylcyclopentane,CC(C)CC1CCCC1,776.9,1-s2.0-S0016236121013168-mmc2.xlsx
isobutanal(isobutyraldehyde),,789.1,1-s2.0-S0016236121013168-mmc2.xlsx
isobutyl acetate,CC(C)COC(=O)C,871.2,1-s2.0-S0016236121013168-mmc2.xlsx
isobutyl formate,CC(C)COC=O,876,Chen 2024.xlsx
isobutyl propionate,CCC(=O)OCC(C)C,879,Chen 2024.xlsx
isopentanol,CC(C)CCO,810.4,1-s2.0-S0016236121013168-mmc2.xlsx
isopentyl acetate,CC(C)CCOC(=O)C,876,1-s2.0-S0016236121013168-mmc2.xlsx
isopentyl formate,CC(C)CCOC=O,882,Chen 2024.xlsx
isopropyl acetate,CC(C)OC(=O)C,866.2,1-s2.0-S0016236121013168-mmc2.xlsx
isopropyl butyrate,CCCC(=O)OC(C)C,858.8,1-s2.0-S0016236121013168-mmc2.xlsx
isopropyl formate,CC(C)OC=O,872.8,Chen 2024.xlsx
isopropylbenzene,CC(C)C1=CC=CC=C1,856.6,Chen 2024.xlsx
isopropylcyclohexane,CC(C)C1CCCCC1,802.3,1-s2.0-S0016236121013168-mmc2.xlsx
limonene,CC1=CCC(CC1)C(=C)C,839,Chen 2024.xlsx
linalol,CC(=CCCC(C)(C=C)O)C,853.1,Chen 2024.xlsx
m-Cresol,CC1=CC(=CC=C1)O,1033.9,1-s2.0-S0016236121013168-mmc2.xlsx
m-Cymene,CC1=CC(=CC=C1)C(C)C,861,1-s2.0-S0016236121013168-mmc2.xlsx
m-DIVINYLBENZENE,C=CC1=CC(=CC=C1)C=C,929.4,1-s2.0-S0016236121013168-mmc2.xlsx
m-Diethylbenzene,CCC1=CC(=CC=C1)CC,860.2,1-s2.0-S0016236121013168-mmc2.xlsx
m-ETHYLPHENOL,CCC1=CC(=CC=C1)O,1028.3,1-s2.0-S0016236121013168-mmc2.xlsx
m-TOLUALDEHYDE,CC1=CC(=CC=C1)C=O,1018.9,1-s2.0-S0016236121013168-mmc2.xlsx
menthone,CC1CCC(C(=O)C1)C(C)C,895.4,1-s2.0-S0016236121013168-mmc2.xlsx
methanol,CO,787,Chen 2024.xlsx
methoxybenzene,COC1=CC=CC=C1,989.17,Chen 2024.xlsx
methyl 2-methylbutyrate,CCC(C)C(=O)OC,874,Chen 2024.xlsx
methyl acetate,CC(=O)OC,934.2,1-s2.0-S0016236121013168-mmc2.xlsx
methyl butanoate,CCCC(=O)OC,898.4,1-s2.0-S0016236121013168-mmc2.xlsx
methyl butyl ether,CCCCOC,739.2,1-s2.0-S0016236121013168-mmc2.xlsx
methyl decanoate,CCCCCCCCCC(=O)OC,873,1-s2.0-S0016236121013168-mmc2.xlsx
methyl elaidate,CCCCCCCCC=CCCCCCCCC(=O)OC,873,1-s2.0-S0016236121013168-mmc2.xlsx
methyl heptanoate,CCCCCCC(=O)OC,881.5,1-s2.0-S0016236121013168-mmc2.xlsx
methyl hexanoate,CCCCCC(=O)OC,884.6,1-s2.0-S0016236121013168-mmc2.xlsx
methyl isobutyrate,CC(C)C(=O)OC,890.6,1-s2.0-S0016236121013168-mmc2.xlsx
methyl isopentanoate,CC(C)CC(=O)OC,880.8,1-s2.0-S0016236121013168-mmc2.xlsx
methyl laurate,CCCCCCCCCCCC(=O)OC,870.2,1-s2.0-S0016236121013168-mmc2.xlsx
methyl levulinate,CC(=O)CCC(=O)OC,1051.1,1-s2.0-S0016236121013168-mmc2.xlsx
methyl linoleate,CCCCCC=CCC=CCCCCCCCC(=O)OC,888.6,1-s2.0-S0016236121013168-mmc2.xlsx
methyl linolenate,CCC=CCC=CCC=CCCCCCCCC(=O)OC,895,1-s2.0-S0016236121013168-mmc2.xlsx
methyl octanoate,CCCCCCCC(=O)OC,877.5,1-s2.0-S0016236121013168-mmc2.xlsx
methyl oleate,CCCCCCCCC=CCCCCCCCC(=O)OC,873.9,1-s2.0-S0016236121013168-mmc2.xlsx
methyl palmitate,CCCCCCCCCCCCCCCC(=O)OC,824.7,1-s2.0-S0016236121013168-mmc2.xlsx
methyl pentanoate,CCCCC(=O)OC,894.7,1-s2.0-S0016236121013168-mmc2.xlsx
methyl propionate,CCC(=O)OC,915,1-s2.0-S0016236121013168-mmc2.xlsx
methyl propyl ether,CCCOC,735.6,1-s2.0-S0016236121013168-mmc2.xlsx
methyl sorbate,CC=CC=CC(=O)OC,977.7,1-s2.0-S0016236121013168-mmc2.xlsx
methyl stearate,CCCCCCCCCCCCCCCCCC(=O)OC,849.8,1-s2.0-S0016236121013168-mmc2.xlsx
methyl tert-butyl ether,CC(C)(C)OC,735.3,1-s2.0-S0016236121013168-mmc2.xlsx
methyl tetradecanoate,CCCCCCCCCCCCCC(=O)OC,867.1,1-s2.0-S0016236121013168-mmc2.xlsx
methyl trimethylacetate,CC(C)(C)C(=O)OC,891,1-s2.0-S0016236121013168-mmc2.xlsx
methyl-2-butenoate,,944.4,1-s2.0-S0016236121013168-mmc2.xlsx
methyl-2-methyl-2-butenoate,,934.9,1-s2.0-S0016236121013168-mmc2.xlsx
methyl-2-methyl-2-propenoate,CC(=C)C(=O)OC,937.7,1-s2.0-S0016236121013168-mmc2.xlsx
methyl-2-propenoate,COC(=O)C=C,953.5,1-s2.0-S0016236121013168-mmc2.xlsx
methyl-3-hexenoate,CCC=CCC(=O)OC,913.2,1-s2.0-S0016236121013168-mmc2.xlsx
methyl-3-methyl-2-butenoate,CC(=CC(=O)OC)C,933.7,1-s2.0-S0016236121013168-mmc2.xlsx
methylcyclohexane,CC1CCCCC1,765.1,Chen 2024.xlsx
methylcyclopentane,CC1CCCC1,743.3,Chen 2024.xlsx
n-BUTYL ACRYLATE,CCCCOC(=O)C=C,889.8,1-s2.0-S0016236121013168-mmc2.xlsx
n-BUTYL BENZOATE,CCCCOC(=O)C1=CC=CC=C1,1000,1-s2.0-S0016236121013168-mmc2.xlsx
n-BUTYL ETHYL ETHER,CCCCOCC,749.5,1-s2.0-S0016236121013168-mmc2.xlsx
n-BUTYL METHACRYLATE,CCCCOC(=O)C(=C)C,893.6,1-s2.0-S0016236121013168-mmc2.xlsx
n-BUTYL NONANOATE,CCCCCCCCC(=O)OCCCC,852,1-s2.0-S0016236121013168-mmc2.xlsx
n-BUTYL STEARATE,CCCCCCCCCCCCCCCCCC(=O)OCCCC,854,1-s2.0-S0016236121013168-mmc2.xlsx
n-Butylcyclopentane,CCCCC1CCCC1,784.6,1-s2.0-S0016236121013168-mmc2.xlsx
n-Butyric Acid,CCCC(=O)O,952.8,1-s2.0-S0016236121013168-mmc2.xlsx
n-Docosane,CCCCCCCCCCCCCCCCCCCCCC,794.4,1-s2.0-S0016236121013168-mmc2.xlsx
n-HEPTADECYLBENZENE,CCCCCCCCCCCCCCCCCC1=CC=CC=C1,854.6,1-s2.0-S0016236121013168-mmc2.xlsx
n-HEPTANOIC ACID,CCCCCCC(=O)O,912.4,1-s2.0-S0016236121013168-mmc2.xlsx
n-HEPTYL ACETATE,CCCCCCCOC(=O)C,875,1-s2.0-S0016236121013168-mmc2.xlsx
n-HEPTYL FORMATE,CCCCCCCOC=O,878.4,1-s2.0-S0016236121013168-mmc2.xlsx
n-HEXYL FORMATE,CCCCCCOC=O,881.3,1-s2.0-S0016236121013168-mmc2.xlsx
n-Heneicosane,CCCCCCCCCCCCCCCCCCCCC,791.9,1-s2.0-S0016236121013168-mmc2.xlsx
n-Hexadecylbenzene,CCCCCCCCCCCCCCCCC1=CC=CC=C1,854.7,1-s2.0-S0016236121013168-mmc2.xlsx
n-Hexylcyclohexane,CCCCCCC1CCCCC1,807.6,1-s2.0-S0016236121013168-mmc2.xlsx
n-NONANOIC ACID,CCCCCCCCC(=O)O,905.2,1-s2.0-S0016236121013168-mmc2.xlsx
n-NONYL ACETATE,CCCCCCCCCOC(=O)C,878.5,1-s2.0-S0016236121013168-mmc2.xlsx
n-NONYL FORMATE,CCCCCCCCCOC=O,860,1-s2.0-S0016236121013168-mmc2.xlsx
n-Nonacosane,CCCCCCCCCCCCCCCCCCCCCCCCCCCCC,808.3,1-s2.0-S0016236121013168-mmc2.xlsx
n-Nonadecane,CCCCCCCCCCCCCCCCCCC,785.5,1-s2.0-S0016236121013168-mmc2.xlsx
n-Nonylcyclohexane,CCCCCCCCCC1CCCCC1,816.3,1-s2.0-S0016236121013168-mmc2.xlsx
n-OCTADECYLBENZENE,CCCCCCCCCCCCCCCCCCC1=CC=CC=C1,850,1-s2.0-S0016236121013168-mmc2.xlsx
n-OCTANOIC ACID,CCCCCCCC(=O)O,907.3,1-s2.0-S0016236121013168-mmc2.xlsx
n-OCTYL ACETATE,CCCCCCCCOC(=O)C,870.5,1-s2.0-S0016236121013168-mmc2.xlsx
n-OCTYL FORMATE,CCCCCCCCOC=O,874.4,1-s2.0-S0016236121013168-mmc2.xlsx
n-Octacosane,CCCCCCCCCCCCCCCCCCCCCCCCCCCC,806.7,1-s2.0-S0016236121013168-mmc2.xlsx
n-Octylcyclohexane,CCCCCCCCC1CCCCC1,813.8,1-s2.0-S0016236121013168-mmc2.xlsx
n-PROPYL BENZOATE,CCCOC(=O)C1=CC=CC=C1,1023,1-s2.0-S0016236121013168-mmc2.xlsx
n-PROPYL ISOBUTYRATE,CCCOC(=O)C(C)C,884.3,1-s2.0-S0016236121013168-mmc2.xlsx
n-Pentacosane,CCCCCCCCCCCCCCCCCCCCCCCCC,801.2,1-s2.0-S0016236121013168-mmc2.xlsx
n-Pentadecylbenzene,CCCCCCCCCCCCCCCC1=CC=CC=C1,854.8,1-s2.0-S0016236121013168-mmc2.xlsx
n-Propylcyclopentane,CCCC1CCCC1,776.3,1-s2.0-S0016236121013168-mmc2.xlsx
n-Tetracosane,CCCCCCCCCCCCCCCCCCCCCCCC,799.1,1-s2.0-S0016236121013168-mmc2.xlsx
n-Tetradecylcyclohexane,CCCCCCCCCCCCCCC1CCCCC1,825.4,1-s2.0-S0016236121013168-mmc2.xlsx
n-Triacontane,CCCCCCCCCCCCCCCCCCCCCCCCCCCCCC,809.7,1-s2.0-S0016236121013168-mmc2.xlsx
n-Tricosane,CCCCCCCCCCCCCCCCCCCCCCC,798.5,1-s2.0-S0016236121013168-mmc2.xlsx
n-Tridecylcyclohexane,CCCCCCCCCCCCCC1CCCCC1,823.9,1-s2.0-S0016236121013168-mmc2.xlsx
n-UNDECANOIC ACID,CCCCCCCCCCC(=O)O,890.7,1-s2.0-S0016236121013168-mmc2.xlsx
n-butane,CCCC,573,1-s2.0-S0016236121013168-mmc2.xlsx
n-butylbenzene,CCCCC1=CC=CC=C1,855.9,Chen 2024.xlsx
n-butylcyclohexane,CCCCC1CCCCC1,790.2,1-s2.0-S0016236121013168-mmc2.xlsx
n-decane,CCCCCCCCCC,726.6,1-s2.0-S0016236121013168-mmc2.xlsx
n-decylbenzene,CCCCCCCCCCC1=CC=CC=C1,851.89,Chen 2024.xlsx
n-dodecane,CCCCCCCCCCCC,749.5,1-s2.0-S0016236121013168-mmc2.xlsx
n-dodecylbenzene,CCCCCCCCCCCCC1=CC=CC=C1,855.1,1-s2.0-S0016236121013168-mmc2.xlsx
n-eicosane,CCCCCCCCCCCCCCCCCCCC,788.6,1-s2.0-S0016236121013168-mmc2.xlsx
n-heptadecane,CCCCCCCCCCCCCCCCC,778,1-s2.0-S0016236121013168-mmc2.xlsx
n-heptane,CCCCCCC,679.56,Chen 2024.xlsx
n-heptylbenzene,CCCCCCCC1=CC=CC=C1,856.7,1-s2.0-S0016236121013168-mmc2.xlsx
n-hexadecane,CCCCCCCCCCCCCCCC,770.1,1-s2.0-S0016236121013168-mmc2.xlsx
n-hexane,CCCCCC,654.7,Chen 2024.xlsx
n-hexylbenzene,CCCCCCC1=CC=CC=C1,857.5,1-s2.0-S0016236121013168-mmc2.xlsx
n-nonane,CCCCCCCCC,719.2,1-s2.0-S0016236121013168-mmc2.xlsx
n-nonylbenzene,CCCCCCCCCC1=CC=CC=C1,858.4,1-s2.0-S0016236121013168-mmc2.xlsx
n-octadecane,CCCCCCCCCCCCCCCCCC,776.8,1-s2.0-S0016236121013168-mmc2.xlsx
n-octane,CCCCCCCC,698.6,Chen 2024.xlsx
n-octylbenzene,CCCCCCCCC1=CC=CC=C1,856.2,1-s2.0-S0016236121013168-mmc2.xlsx
n-pentadecane,CCCCCCCCCCCCCCC,768.5,1-s2.0-S0016236121013168-mmc2.xlsx
n-pentane,CCCCC,685.95,Chen 2024.xlsx
n-pentylbenzene,CCCCCC1=CC=CC=C1,860.2,Chen 2024.xlsx
n-pentylcyclohexane,CCCCCC1CCCCC1,803.7,1-s2.0-S0016236121013168-mmc2.xlsx
n-propylbenzene,CCCC1=CC=CC=C1,859.3,1-s2.0-S0016236121013168-mmc2.xlsx
n-propylcyclohexane,CCCC1CCCCC1,793.6,1-s2.0-S0016236121013168-mmc2.xlsx
n-tetradecane,CCCCCCCCCCCCCC,759.6,1-s2.0-S0016236121013168-mmc2.xlsx
n-tetradecylbenzene,CCCCCCCCCCCCCCC1=CC=CC=C1,854.9,1-s2.0-S0016236121013168-mmc2.xlsx
n-tridecane,CCCCCCCCCCCCC,756.4,1-s2.0-S0016236121013168-mmc2.xlsx
n-tridecylbenzene,CCCCCCCCCCCCCC1=CC=CC=C1,855,1-s2.0-S0016236121013168-mmc2.xlsx
n-undecane,CCCCCCCCCCC,740.2,1-s2.0-S0016236121013168-mmc2.xlsx
n-undecylbenzene,CCCCCCCCCCCC1=CC=CC=C1,855.3,1-s2.0-S0016236121013168-mmc2.xlsx
naphthalene,C1=CC=C2C=CC=CC2=C1,1037,Chen 2024.xlsx
nonanal,CCCCCCCCC=O,826.4,1-s2.0-S0016236121013168-mmc2.xlsx
nonylcyclopentane,CCCCCCCCCC1CCCC1,808.1,1-s2.0-S0016236121013168-mmc2.xlsx
o-Cresol,CC1=CC=CC=C1O,1032.7,1-s2.0-S0016236121013168-mmc2.xlsx
o-Cymene,CC1=CC=CC=C1C(C)C,876.6,1-s2.0-S0016236121013168-mmc2.xlsx
o-Diethylbenzene,CCC1=CC=CC=C1CC,880,1-s2.0-S0016236121013168-mmc2.xlsx
o-ETHYLPHENOL,CCC1=CC=CC=C1O,1014.6,1-s2.0-S0016236121013168-mmc2.xlsx
o-Ethylvinylbenzene,CCC1=CC=CC=C1C=C,901.7,1-s2.0-S0016236121013168-mmc2.xlsx
o-TOLUALDEHYDE,CC1=CC=CC=C1C=O,1032.8,1-s2.0-S0016236121013168-mmc2.xlsx
ocimene,CC(=CCC=C(C)C=C)C,776,Chen 2024.xlsx
octanal,CCCCCCCC=O,821.1,1-s2.0-S0016236121013168-mmc2.xlsx
octylcyclopentane,CCCCCCCCC1CCCC1,804.8,1-s2.0-S0016236121013168-mmc2.xlsx
oleyl alcohol,CCCCCCCCC=CCCCCCCCCO,848.9,1-s2.0-S0016236121013168-mmc2.xlsx
p-Cresol,CC1=CC=C(C=C1)O,1018.5,1-s2.0-S0016236121013168-mmc2.xlsx
p-Cymene,CC1=CC=C(C=C1)C(C)C,857.3,1-s2.0-S0016236121013168-mmc2.xlsx
p-DIISOPROPYLBENZENE,CC(C)C1=CC=C(C=C1)C(C)C,856.8,1-s2.0-S0016236121013168-mmc2.xlsx
p-Diethylbenzene,CCC1=CC=C(C=C1)CC,862,1-s2.0-S0016236121013168-mmc2.xlsx
p-HYDROQUINONE,C1=CC(=CC=C1O)O,1330,1-s2.0-S0016236121013168-mmc2.xlsx
p-MENTHANE HYDROPEROXIDE,CC1CCC(CC1)C(C)(C)OO,920,1-s2.0-S0016236121013168-mmc2.xlsx
p-TOLUALDEHYDE,CC1=CC=C(C=C1)C=O,1019.4,1-s2.0-S0016236121013168-mmc2.xlsx
p-tert-BUTYL ETHYLBENZENE,,864.1,1-s2.0-S0016236121013168-mmc2.xlsx
p-tert-BUTYLPHENOL,CC(C)(C)C1=CC=C(C=C1)O,908,1-s2.0-S0016236121013168-mmc2.xlsx
p-tert-BUTYLSTYRENE,CC(C)(C)C1=CC=C(C=C1)C=C,890,1-s2.0-S0016236121013168-mmc2.xlsx
pentamethylbenzene,CC1=CC(=C(C(=C1C)C)C)C,917,1-s2.0-S0016236121013168-mmc2.xlsx
pentanal,CCCCC=O,809.5,1-s2.0-S0016236121013168-mmc2.xlsx
pentyl acetate,CCCCCOC(=O)C,875.6,1-s2.0-S0016236121013168-mmc2.xlsx
pentyl formate,CCCCCOC=O,885,Chen 2024.xlsx
pentyl valerate,CCCCCOC(=O)CCCC,863.8,1-s2.0-S0016236121013168-mmc2.xlsx
perhydrophenanthrene,C1CCC2C(C1)CCC3C2CCCC3,944,1-s2.0-S0016236121013168-mmc2.xlsx
phenanthrene,C1=CC=C2C(=C1)C=CC3=CC=CC=C32,980,1-s2.0-S0016236121013168-mmc2.xlsx
phenylacetylene,C#CC1=CC=CC=C1,930,1-s2.0-S0016236121013168-mmc2.xlsx
propan-2-yl butanoate,CCCC(=O)OC(C)C,876,Chen 2024.xlsx
propan-2-yl propanoate,CCC(=O)OC(C)C,883,Chen 2024.xlsx
propanal (propionaldehyde),,865.7,1-s2.0-S0016236121013168-mmc2.xlsx
propenal,C=CC=O,838.9,Chen 2024.xlsx
propyl 2-methylpropanoate,CCCOC(=O)C(C)C,879,Chen 2024.xlsx
propyl acetate,CCCOC(=O)C,882,1-s2.0-S0016236121013168-mmc2.xlsx
propyl butyrate,CCCC(=O)OCCC,873,1-s2.0-S0016236121013168-mmc2.xlsx
propyl formate,CCCOC=O,903,Chen 2024.xlsx
propyl propionate,CCCOC(=O)CC,875.53,Chen 2024.xlsx
propyl valerate,CCCCC(=O)OCCC,869.9,1-s2.0-S0016236121013168-mmc2.xlsx
propyl-2-methyl-2-propenoate,,902.2,1-s2.0-S0016236121013168-mmc2.xlsx
propylbenzene,CCCC1=CC=CC=C1,858.1,Chen 2024.xlsx
pyrene,C1=CC2=C3C(=C1)C=CC4=CC=CC(=C43)C=C2,1271,1-s2.0-S0016236121013168-mmc2.xlsx
sec-BUTYL FORMATE,CCC(C)OC=O,884.6,1-s2.0-S0016236121013168-mmc2.xlsx
sec-Butyl formate,CCC(C)OC=O,887,Chen 2024.xlsx
sec-butyl acetate,CCC(C)OC(=O)C,874.8,1-s2.0-S0016236121013168-mmc2.xlsx
sec-butyl ether,CCC(C)OC(C)CC,756,1-s2.0-S0016236121013168-mmc2.xlsx
styrene,C=CC1=CC=CC=C1,909,Chen 2024.xlsx
t-BUTYL HYDROPEROXIDE,CC(C)(C)OO,896,1-s2.0-S0016236121013168-mmc2.xlsx
tert-BUTYL FORMATE,CC(C)(C)OC=O,872,1-s2.0-S0016236121013168-mmc2.xlsx
tert-Butylcyclohexane,CC(C)(C)C1CCCCC1,812.7,1-s2.0-S0016236121013168-mmc2.xlsx
tert-butyl acetate,CC(=O)OC(C)(C)C,862,Chen 2024.xlsx
tert-butyl ethyl ether,CCOC(C)(C)C,735.3,Chen 2024.xlsx
tert-butyl formate,CC(C)(C)OC=O,872,1-s2.0-S0016236121013168-mmc2.xlsx
tert-butyl propionate,CCC(=O)OC(C)(C)C,865,Chen 2024.xlsx
tert-butylbenzene,CC(C)(C)C1=CC=CC=C1,862.3,Chen 2024.xlsx
tetrahydrofuran,C1CCOC1,902,Chen 2024.xlsx
tetrahydrofurfuryl acetate,CC(=O)OCC1CCCO1,1062.4,1-s2.0-S0016236121013168-mmc2.xlsx
tetrahydrofurfuryl alcohol,C1CC(OC1)CO,1058.7,Chen 2024.xlsx
tetrahydropyran,C1CCOCC1,878.8,Chen 2024.xlsx
tetramethoxymethane,COC(OC)(OC)OC,1023,1-s2.0-S0016236121013168-mmc2.xlsx
toluene,CC1=CC=CC=C1,862.3,Chen 2024.xlsx
"trans 1,2-diphenylethylene",,970.7,1-s2.0-S0016236121013168-mmc2.xlsx
trans 2-octene,,719.9,1-s2.0-S0016236121013168-mmc2.xlsx
"trans,trans-2,4-HEXADIENE",CC=CC=CC,710.1,1-s2.0-S0016236121013168-mmc2.xlsx
"trans-1,2-Dimethylcyclohexane",CC1CCCCC1C,776,1-s2.0-S0016236121013168-mmc2.xlsx
"trans-1,2-Dimethylcyclopentane",CC1CCCC1C,746.8,1-s2.0-S0016236121013168-mmc2.xlsx
"trans-1,2-Diphenylethene",C1=CC=C(C=C1)C=CC2=CC=CC=C2,970.7,1-s2.0-S0016236121013168-mmc2.xlsx
"trans-1,3,5-trimethylcyclohexane",CC1CC(CC(C1)C)C,779.4,1-s2.0-S0016236121013168-mmc2.xlsx
"trans-1,3-Dimethylcyclohexane",CC1CCCC(C1)C,790,1-s2.0-S0016236121013168-mmc2.xlsx
"trans-1,3-Dimethylcyclopentane",CC1CCC(C1)C,744.3,1-s2.0-S0016236121013168-mmc2.xlsx
"trans-1,3-Pentadiene",CC=CC=C,671,1-s2.0-S0016236121013168-mmc2.xlsx
"trans-1,4-Dimethylcyclohexane",CC1CCC(CC1)C,770,1-s2.0-S0016236121013168-mmc2.xlsx
trans-1-Methyl-2-Ethylcyclopentane,CCC1CCCC1C,764.9,1-s2.0-S0016236121013168-mmc2.xlsx
trans-1-Methyl-3-ethylcyclopentane,,761.9,1-s2.0-S0016236121013168-mmc2.xlsx
"trans-2,2-Dimethyl-3-hexene",CCC=CC(C)(C)C,699.5,1-s2.0-S0016236121013168-mmc2.xlsx
"trans-2-BUTENE-1,4-DIOL",C(C=CCO)O,1070,1-s2.0-S0016236121013168-mmc2.xlsx
trans-2-Buten-1-ol,CC=CCO,852.1,1-s2.0-S0016236121013168-mmc2.xlsx
trans-2-Butene,CC=CC,599,1-s2.0-S0016236121013168-mmc2.xlsx
trans-2-Heptene,CCCCC=CC,701.2,1-s2.0-S0016236121013168-mmc2.xlsx
trans-2-Methyl-3-hexene,CCC=CC(C)C,685.3,1-s2.0-S0016236121013168-mmc2.xlsx
trans-2-Pentene,CCC=CC,643.1,1-s2.0-S0016236121013168-mmc2.xlsx
trans-2-hexene,CCCC=CC,673.3,1-s2.0-S0016236121013168-mmc2.xlsx
"trans-3,4-Dimethyl-2-Pentene",CC=C(C)C(C)C,712.4,1-s2.0-S0016236121013168-mmc2.xlsx
trans-3-METHYLCYCLOHEXANOL,CC1CCCC(C1)O,921.4,1-s2.0-S0016236121013168-mmc2.xlsx
trans-3-Methyl-2-pentene,CCC(=CC)C,693,1-s2.0-S0016236121013168-mmc2.xlsx
trans-3-Methyl-3-hexene,,705,1-s2.0-S0016236121013168-mmc2.xlsx
trans-3-heptene,CCCC=CCC,698.1,1-s2.0-S0016236121013168-mmc2.xlsx
trans-3-hexene,CCC=CCC,677.2,1-s2.0-S0016236121013168-mmc2.xlsx
trans-3-octene,CCCCC=CCC,715.2,1-s2.0-S0016236121013168-mmc2.xlsx
"trans-4,4-Dimethyl-2-pentene",CC=CC(C)(C)C,688.9,1-s2.0-S0016236121013168-mmc2.xlsx
trans-4-METHYLCYCLOHEXANOL,CC1CCC(CC1)O,911.8,1-s2.0-S0016236121013168-mmc2.xlsx
trans-4-Methyl-2-hexene,CCC(C)C=CC,692.5,1-s2.0-S0016236121013168-mmc2.xlsx
trans-4-Methyl-2-pentene,CC=CC(C)C,668.6,1-s2.0-S0016236121013168-mmc2.xlsx
trans-4-Octene,CCCC=CCCC,714.1,1-s2.0-S0016236121013168-mmc2.xlsx
trans-5-Methyl-2-hexene,CC=CCC(C)C,688.3,1-s2.0-S0016236121013168-mmc2.xlsx
trans-Crotonaldehyde,CC=CC=O,869,Chen 2024.xlsx
trans-Decahydronaphthalene (trans-decalin),,865.9,1-s2.0-S0016236121013168-mmc2.xlsx
trans-Propenylbenzene,CC=CC1=CC=CC=C1,902.3,1-s2.0-S0016236121013168-mmc2.xlsx
trans-STILBENE,C1=CC=C(C=C1)C=CC2=CC=CC=C2,970.7,1-s2.0-S0016236121013168-mmc2.xlsx
trimethoxymethane,COC(OC)OC,967.6,1-s2.0-S0016236121013168-mmc2.xlsx
triphenylmethane,C1=CC=C(C=C1)C(C2=CC=CC=C2)C3=CC=CC=C3,1014,1-s2.0-S0016236121013168-mmc2.xlsx
?-Methylbenzenemethanol,,1013,1-s2.0-S0016236121013168-mmc2.xlsx
?-methyl-trans cinnamaldehyde,,1049.7,1-s2.0-S0016236121013168-mmc2.xlsx
?-methyl-trans-cinnamaldehyde,,1040.7,1-s2.0-S0016236121013168-mmc2.xlsx
?-pinene,,853.9,1-s2.0-S0016236121013168-mmc2.xlsx
?-pinene,,860,1-s2.0-S0016236121013168-mmc2.xlsx
?-terpinene,,849,1-s2.0-S0016236121013168-mmc2.xlsx
?-undecanolactone,,949.4,1-s2.0-S0016236121013168-mmc2.xlsx
